CREATE DATABASE PROJECT_JJBJ;

USE PROJECT_JJBJ;

SET foreign_key_checks = 0;

DROP TABLE CATEGORY CASCADE;
DROP TABLE CUSTOMER CASCADE;
DROP TABLE EXIST_ITEMS CASCADE;
DROP TABLE HANDLE_ITEMS CASCADE;
DROP TABLE ITEMS CASCADE;
DROP TABLE MADE_BY CASCADE;
DROP TABLE ORDER_INFO CASCADE;
DROP TABLE ORIGIN CASCADE;
DROP TABLE RETAILER CASCADE;
DROP TABLE SEARCH_ITEMS CASCADE;
DROP TABLE SHOPPING CASCADE;
DROP TABLE ORDER_DETAIL CASCADE;
DROP TABLE shoppingBag CASCADE;
DROP TABLE order_detail2 CASCADE;
DROP TABLE TOTAL CASCADE;


CREATE TABLE ORDER_INFO(
                        C_NUM INT NOT NULL,
                        ORDER_DATE DATE NOT NULL
                        );

CREATE TABLE ITEMS(
                   PID INT NOT NULL,
                   PRICE INT NOT NULL,
                   WEIGHT DOUBLE,
                   GMO BOOLEAN,
                   QUANT INT NOT NULL DEFAULT 0,
                   R_NUM INT NOT NULL
                   );

CREATE TABLE CUSTOMER(
                      ID INT NOT NULL,
                      PW VARCHAR(15) NOT NULL,
                      HP VARCHAR(13) NOT NULL,
                      ADDRESS VARCHAR(50) NOT NULL,
                      SEX CHAR,
                      AGE INT,
                      JOB VARCHAR(20),
                      ORDER_COUNT INT DEFAULT 0
                      );

CREATE TABLE RETAILER(
                      R_LOCATION VARCHAR(50) NOT NULL,
                      R_NUM INT NOT NULL,
                      R_CONTACT VARCHAR(13),
                      R_START_TIME TIME,
                      R_END_TIME TIME,
                      R_OTHER VARCHAR(50),
                      ORDER_COUNT INT DEFAULT 0
                      );

CREATE TABLE SHOPPING(
                      C_ID INT NOT NULL,
                      RETAILER_NUM INT,
                      I_NUM INT DEFAULT 0,
                      DELIVERY_INFO VARCHAR(20)
                      );

CREATE TABLE CATEGORY(
                      BIGTYPE VARCHAR(10),
                      SMALLTYPE VARCHAR(10)
                      );

CREATE TABLE ORIGIN(
                    PLACE VARCHAR(50),
                    M_NAME VARCHAR(20),
                    IMPORT_BY VARCHAR(20),
                    CERT BOOLEAN
                    );


ALTER TABLE CUSTOMER ADD PRIMARY KEY(ID);
ALTER TABLE ORDER_INFO ADD PRIMARY KEY(C_NUM);
ALTER TABLE ITEMS ADD PRIMARY KEY(PID, R_NUM);
ALTER TABLE RETAILER ADD PRIMARY KEY(R_LOCATION, R_NUM);
ALTER TABLE CATEGORY ADD PRIMARY KEY (BIGTYPE, SMALLTYPE);


ALTER TABLE CUSTOMER ADD RETAILER_NUM INT(11);

CREATE TABLE HANDLE_ITEMS (
                           ITEM_NUM INT(11),
                           C_NUM INT );

CREATE TABLE SEARCH_ITEMS (
                           ITEM_NUM INT(11),
                           C_ID INT);


CREATE TABLE EXIST_ITEMS (
                          ITEM_NUM INT(11),
                          RETAILER_NUM INT(11));

ALTER TABLE ITEMS ADD CATEGORY_BIG VARCHAR(10);
ALTER TABLE ITEMS ADD CATEGORY_SMALL VARCHAR(10);

ALTER TABLE ORIGIN ADD PRIMARY KEY(M_NAME);
CREATE TABLE MADE_BY (
                      ITEM_NUM INT(11),
                      ORIGIN_NAME VARCHAR(20));


ALTER TABLE CUSTOMER DROP COLUMN RETAILER_NUM;
ALTER TABLE CUSTOMER ADD RETAILER_NUM INT;

ALTER TABLE RETAILER DROP PRIMARY KEY;
ALTER TABLE RETAILER ADD PRIMARY KEY(R_NUM);


ALTER TABLE RETAILER MODIFY R_OTHER INT;

ALTER TABLE ITEMS DROP COLUMN CATEGORY_BIG;
ALTER TABLE ITEMS ADD CATEGORY_BIG VARCHAR(10);


INSERT INTO RETAILER VALUES ("SEOUL", 1, "02-1278-9754", "10:00:00", "23:00:00", 2, 0);
INSERT INTO RETAILER VALUES ("INCHEON", 2, "032-2781-9754", "10:00:00", "23:00:00", 3, 0);
INSERT INTO RETAILER VALUES ("BUSAN", 3, "051-2178-9754", "10:00:00", "23:00:00", 4,0);
INSERT INTO RETAILER VALUES ("DAEGU", 4, "053-2718-9754", "10:00:00", "23:00:00", 5,0);
INSERT INTO RETAILER VALUES ("DAEJEON", 5, "042-2789-7154", "10:00:00", "23:00:00", 6,0);
INSERT INTO RETAILER VALUES ("GWANGJU", 6, "062-2789-7514", "10:00:00", "23:00:00", 7,0);
INSERT INTO RETAILER VALUES ("ULSAN", 7, "052-2789-7541",  "10:00:00", "23:00:00", 8,0);
INSERT INTO RETAILER VALUES ("SEJONG", 8, "044-278-9754", "10:00:00", "23:00:00", 9,0);
INSERT INTO RETAILER VALUES ("GYEONGGI", 9, "031-278-9754", "10:00:00", "23:00:00", 10,0);
INSERT INTO RETAILER VALUES ("GWANGWON", 10, "033-278-9754", "10:00:00", "23:00:00", 11,0);
INSERT INTO RETAILER VALUES ("CHUNGNAM", 11, "041-278-9754", "10:00:00", "23:00:00", 12,0);
INSERT INTO RETAILER VALUES ("CHUNGBUK", 12, "043-278-9754", "10:00:00", "23:00:00", 13,0);
INSERT INTO RETAILER VALUES ("GYEONGNAM", 13, "055-278-9754", "10:00:00", "23:00:00", 14,0);
INSERT INTO RETAILER VALUES ("GYEONGBUK", 14, "054-278-9754", "10:00:00", "23:00:00", 15,0);
INSERT INTO RETAILER VALUES ("JEONNAM", 15, "061-278-9754", "10:00:00", "23:00:00", 16,0);
INSERT INTO RETAILER VALUES ("JEONBUK", 16, "063-278-9754", "10:00:00", "23:00:00", 17,0);
INSERT INTO RETAILER VALUES ("JEJU", 17, "064-278-9754", "10:00:00", "23:00:00", 11,0);

ALTER TABLE ITEMS ADD PNAME VARCHAR(50) NOT NULL;

INSERT INTO CATEGORY(BIGTYPE, SMALLTYPE) VALUES ("fruits", "apple/peer");
INSERT INTO CATEGORY(BIGTYPE, SMALLTYPE) VALUES ("fruits","bana/oran");
INSERT INTO CATEGORY(BIGTYPE, SMALLTYPE) VALUES ("fruits", "Peanuts");
INSERT INTO CATEGORY(BIGTYPE, SMALLTYPE) VALUES ("meat", "beef");
INSERT INTO CATEGORY(BIGTYPE, SMALLTYPE) VALUES ("meat", "hen/duck");
INSERT INTO CATEGORY(BIGTYPE, SMALLTYPE) VALUES ("meat", "eggs");
INSERT INTO CATEGORY(BIGTYPE, SMALLTYPE) VALUES ("drink", "coffee");
INSERT INTO CATEGORY(BIGTYPE, SMALLTYPE) VALUES ("drink", "coke/sport");
INSERT INTO CATEGORY(BIGTYPE, SMALLTYPE) VALUES ("drink", "water");

/*
 --retailer_items sum = total sum
 */
INSERT INTO ITEMS(CATEGORY_BIG, CATEGORY_SMALL, PNAME, PID, PRICE, WEIGHT, GMO, QUANT, R_NUM) VALUES("meat","beef","korean-cow", 1, 38400, 0.1, FALSE, 0, 1);
INSERT INTO ITEMS(CATEGORY_BIG, CATEGORY_SMALL, PNAME, PID, PRICE, WEIGHT, GMO, QUANT, R_NUM) VALUES("meat", "beef","LAGalbi",2,  72800, 2, FALSE, 0, 1);
INSERT INTO ITEMS(CATEGORY_BIG, CATEGORY_SMALL, PNAME, PID, PRICE, WEIGHT, GMO, QUANT, R_NUM) VALUES("meat","beef","highquality-galbi", 3, 138900, 3, FALSE, 0, 1);
INSERT INTO ITEMS(CATEGORY_BIG, CATEGORY_SMALL, PNAME, PID, PRICE, WEIGHT, GMO, QUANT, R_NUM) VALUES("meat", "beef","korean-cow soup", 4, 3180, 0.5,  FALSE, 5, 1);
INSERT INTO ITEMS(CATEGORY_BIG, CATEGORY_SMALL, PNAME, PID, PRICE, WEIGHT, GMO, QUANT, R_NUM) VALUES("meat", "beef","seasoning steak", 5, 11600, 0.1, NULL, 5, 1);
INSERT INTO ITEMS(CATEGORY_BIG, CATEGORY_SMALL, PNAME, PID, PRICE, WEIGHT, GMO, QUANT, R_NUM) VALUES("meat", "hen/duck","chicken breast", 6, 5880, 1, FALSE, 5, 1);
INSERT INTO ITEMS(CATEGORY_BIG, CATEGORY_SMALL, PNAME, PID, PRICE, WEIGHT, GMO, QUANT, R_NUM) VALUES("meat", "hen/duck","duck meat",  7, 8980, 0.45, FALSE, 5, 1);
INSERT INTO ITEMS(CATEGORY_BIG, CATEGORY_SMALL, PNAME, PID, PRICE, WEIGHT, GMO, QUANT, R_NUM) VALUES("meat","hen/duck","spicy chicken leg", 8, 5480, 0.25, FALSE, 5, 1);
INSERT INTO ITEMS(CATEGORY_BIG, CATEGORY_SMALL, PNAME, PID, PRICE, WEIGHT, GMO, QUANT, R_NUM) VALUES("meat", "hen/duck","Local Chicken", 9, 9800, 1.05, FALSE, 120, 1);
INSERT INTO ITEMS(CATEGORY_BIG, CATEGORY_SMALL, PNAME, PID, PRICE, WEIGHT, GMO, QUANT, R_NUM) VALUES("meat", "hen/duck", "Sbteamed chicken", 10, 11800, 1.35, NULL, 137, 1);
INSERT INTO ITEMS(CATEGORY_BIG, CATEGORY_SMALL, PNAME, PID, PRICE, WEIGHT, GMO, QUANT, R_NUM) VALUES("meat", "eggs","egg30", 11, 5980, 1.6, NULL, 130, 1);
INSERT INTO ITEMS(CATEGORY_BIG, CATEGORY_SMALL, PNAME, PID, PRICE, WEIGHT, GMO, QUANT, R_NUM) VALUES("meat", "eggs","Quail eggs", 12, 3980, 0.27, NULL, 100, 1);
INSERT INTO ITEMS(CATEGORY_BIG, CATEGORY_SMALL, PNAME, PID, PRICE, WEIGHT, GMO, QUANT, R_NUM) VALUES("meat", "eggs","Yu jung ran", 13, 3980, 0.31, NULL, 7, 1);
INSERT INTO ITEMS(CATEGORY_BIG, CATEGORY_SMALL, PNAME, PID, PRICE, WEIGHT, GMO, QUANT, R_NUM) VALUES("meat", "eggs","Quail eggs", 14, 3890, 0.35, NULL, 150, 1);
INSERT INTO ITEMS(CATEGORY_BIG, CATEGORY_SMALL, PNAME, PID, PRICE, WEIGHT, GMO, QUANT, R_NUM) VALUES("meat", "eggs","golden eggs", 15, 4900, NULL,FALSE, 130, 1);
INSERT INTO ITEMS(CATEGORY_BIG, CATEGORY_SMALL, PNAME, PID, PRICE, WEIGHT, GMO, QUANT, R_NUM) VALUES("drink", "coffee","Sky barley", 16, 980, 1.5, FALSE, 101,1);
INSERT INTO ITEMS(CATEGORY_BIG, CATEGORY_SMALL, PNAME, PID, PRICE, WEIGHT, GMO, QUANT, R_NUM) VALUES("drink", "coffee","vita500" , 17, 10960, 2, FALSE, 0,1);
INSERT INTO ITEMS(CATEGORY_BIG, CATEGORY_SMALL, PNAME, PID, PRICE, WEIGHT, GMO, QUANT, R_NUM) VALUES("drink", "coffee", "TOP latte" ,18, 1680, 1,FALSE, 15,1);
INSERT INTO ITEMS(CATEGORY_BIG, CATEGORY_SMALL, PNAME, PID, PRICE, WEIGHT, GMO, QUANT, R_NUM) VALUES("drink", "coffee","cantata latte",19, 980, 1,FALSE, 106,1);
INSERT INTO ITEMS(CATEGORY_BIG, CATEGORY_SMALL, PNAME, PID, PRICE, WEIGHT, GMO, QUANT, R_NUM) VALUES("drink", "coffee","orangemango" ,20, 5280, 1, FALSE, 103,1);
INSERT INTO ITEMS(CATEGORY_BIG, CATEGORY_SMALL, PNAME, PID, PRICE, WEIGHT, GMO, QUANT, R_NUM) VALUES("drink", "coke/sport","coka coke" ,21, 2650, 1.5, FALSE, 140,1);
INSERT INTO ITEMS(CATEGORY_BIG, CATEGORY_SMALL, PNAME, PID, PRICE, WEIGHT, GMO, QUANT, R_NUM) VALUES("drink", "coke/sport","chilsung-cider",22, 3880, 3.6, FALSE, 110,1);
INSERT INTO ITEMS(CATEGORY_BIG, CATEGORY_SMALL, PNAME, PID, PRICE, WEIGHT, GMO, QUANT, R_NUM) VALUES("drink", "coke/sport","power-ade" ,23, 1850, 1.5, FALSE, 140,1);
INSERT INTO ITEMS(CATEGORY_BIG, CATEGORY_SMALL, PNAME, PID, PRICE, WEIGHT, GMO, QUANT, R_NUM) VALUES("drink", "coke/sport","sparkling time" ,24, 680, 1, FALSE, 130,1);
INSERT INTO ITEMS(CATEGORY_BIG, CATEGORY_SMALL, PNAME, PID, PRICE, WEIGHT, GMO, QUANT, R_NUM) VALUES("drink", "coke/sport","cider 1.5L" ,25, 980, 1.5, FALSE, 200,1);
INSERT INTO ITEMS(CATEGORY_BIG, CATEGORY_SMALL, PNAME, PID, PRICE, WEIGHT, GMO, QUANT, R_NUM) VALUES("drink", "water","mineral water" ,26, 3980, 10, FALSE, 20,1);
INSERT INTO ITEMS(CATEGORY_BIG, CATEGORY_SMALL, PNAME, PID, PRICE, WEIGHT, GMO, QUANT, R_NUM) VALUES("drink", "water","jeju samdasu" ,27, 7800, 0.33, FALSE, 25,1);
INSERT INTO ITEMS(CATEGORY_BIG, CATEGORY_SMALL, PNAME, PID, PRICE, WEIGHT, GMO, QUANT, R_NUM) VALUES("drink", "water","Isis8.0", 28, 9000, 6, FALSE, 170,1);
INSERT INTO ITEMS(CATEGORY_BIG, CATEGORY_SMALL, PNAME, PID, PRICE, WEIGHT, GMO, QUANT, R_NUM) VALUES("drink", "water","evian 500ml",29, 1080,  0.5, FALSE, 190,1);
INSERT INTO ITEMS(CATEGORY_BIG, CATEGORY_SMALL, PNAME, PID, PRICE, WEIGHT, GMO, QUANT, R_NUM) VALUES("drink", "water", "Perrier lemon",30, 3980, 1.32, FALSE, 200,1);
INSERT INTO ITEMS(CATEGORY_BIG, CATEGORY_SMALL, PNAME, PID, PRICE, WEIGHT, GMO, QUANT, R_NUM) VALUES("fruits", "apple/peer", "naju peer", 31,11900, NULL, FALSE,  30,1);
INSERT INTO ITEMS(CATEGORY_BIG, CATEGORY_SMALL, PNAME, PID, PRICE, WEIGHT, GMO, QUANT, R_NUM) VALUES("fruits", "apple/peer","NH apple", 32, 18800, 3, FALSE, 150,1);
INSERT INTO ITEMS(CATEGORY_BIG, CATEGORY_SMALL, PNAME, PID, PRICE, WEIGHT, GMO, QUANT, R_NUM) VALUES("fruits", "apple/pee","sunfruits" ,33, 9900, 3, FALSE, 200,1);
INSERT INTO ITEMS(CATEGORY_BIG, CATEGORY_SMALL, PNAME, PID, PRICE, WEIGHT, GMO, QUANT, R_NUM) VALUES("fruits", "apple/peer","mixgiftset",  34, 48900, NULL, FALSE, 200,1);
INSERT INTO ITEMS(CATEGORY_BIG, CATEGORY_SMALL, PNAME, PID, PRICE, WEIGHT, GMO, QUANT, R_NUM) VALUES("fruits", "apple/peer","najugoldenpeer", 35, 11800, 5, FALSE, 38,1);
INSERT INTO ITEMS(CATEGORY_BIG, CATEGORY_SMALL, PNAME, PID, PRICE, WEIGHT, GMO, QUANT, R_NUM) VALUES("fruits","bana/oran","eq-banana", 36, 2980, 1.3, FALSE, 50,1);
INSERT INTO ITEMS(CATEGORY_BIG, CATEGORY_SMALL, PNAME, PID, PRICE, WEIGHT, GMO, QUANT, R_NUM) VALUES("fruits","bana/oran","sa-orange", 37, 50900, 14.336, FALSE, 17,1);
INSERT INTO ITEMS(CATEGORY_BIG, CATEGORY_SMALL, PNAME, PID, PRICE, WEIGHT, GMO, QUANT, R_NUM) VALUES("fruits","bana/oran","green kiwi",38, 14900, 2, FALSE, 250,1);
INSERT INTO ITEMS(CATEGORY_BIG, CATEGORY_SMALL, PNAME, PID, PRICE, WEIGHT, GMO, QUANT, R_NUM) VALUES("fruits","bana/oran","avocado", 39, 1900, 0.4,  180,1);
INSERT INTO ITEMS(CATEGORY_BIG, CATEGORY_SMALL, PNAME, PID, PRICE, WEIGHT, GMO, QUANT, R_NUM) VALUES("fruits","bana/oran","ph-pineapple", 40, 13900, 1, FALSE, 12,1);
INSERT INTO ITEMS(CATEGORY_BIG, CATEGORY_SMALL, PNAME, PID, PRICE, WEIGHT, GMO, QUANT, R_NUM) VALUES("fruits", "Peanuts","grilled-amond", 41, 11800, 0.7, FALSE, 20,1);
INSERT INTO ITEMS(CATEGORY_BIG, CATEGORY_SMALL, PNAME, PID, PRICE, WEIGHT, GMO, QUANT, R_NUM) VALUES("fruits", "Peanuts","brazil-nut", 42, 13800, 0.44, FALSE, 50,1);
INSERT INTO ITEMS(CATEGORY_BIG, CATEGORY_SMALL, PNAME, PID, PRICE, WEIGHT, GMO, QUANT, R_NUM) VALUES("fruits", "Peanuts","as-acadamia", 43, 9800, 0.2, 40,1);
INSERT INTO ITEMS(CATEGORY_BIG, CATEGORY_SMALL, PNAME, PID, PRICE, WEIGHT, GMO, QUANT, R_NUM) VALUES("fruits", "Peanuts","mix-nut", 44, 9980, 0.8, FALSE, 19,1);
INSERT INTO ITEMS(CATEGORY_BIG, CATEGORY_SMALL, PNAME, PID, PRICE, WEIGHT, GMO, QUANT, R_NUM) VALUES("fruits", "Peanuts","honeybutter amond",  45, 6880, 0.25, FALSE, 140,1);
INSERT INTO ITEMS(CATEGORY_BIG, CATEGORY_SMALL, PNAME, PID, PRICE, WEIGHT, GMO, QUANT, R_NUM) VALUES("fruits", "Peanuts","as-acadamia", 46, 9800, 0.2, FALSE, 0,1);
INSERT INTO ITEMS(CATEGORY_BIG, CATEGORY_SMALL, PNAME, PID, PRICE, WEIGHT, GMO, QUANT, R_NUM) VALUES("fruits", "Peanuts","mix-nut", 47, 9980, 0.8, FALSE, 190,1);
INSERT INTO ITEMS(CATEGORY_BIG, CATEGORY_SMALL, PNAME, PID, PRICE, WEIGHT, GMO, QUANT, R_NUM) VALUES("fruits","bana/oran","avocado", 48, 1900, 0.4, FALSE, 180,1);
INSERT INTO ITEMS(CATEGORY_BIG, CATEGORY_SMALL, PNAME, PID, PRICE, WEIGHT, GMO, QUANT, R_NUM) VALUES("fruits", "apple/peer","goldenpeer", 49, 11800, 5, FALSE, 38,1);
INSERT INTO ITEMS(CATEGORY_BIG, CATEGORY_SMALL, PNAME, PID, PRICE, WEIGHT, GMO, QUANT, R_NUM) VALUES("meat","beef","korean-cow", 1, 38400, 0.1, FALSE, 15, 2);
INSERT INTO ITEMS(CATEGORY_BIG, CATEGORY_SMALL, PNAME, PID, PRICE, WEIGHT, GMO, QUANT, R_NUM) VALUES("meat", "beef","LAGalbi",2,  72800, 2, FALSE, 0, 2);
INSERT INTO ITEMS(CATEGORY_BIG, CATEGORY_SMALL, PNAME, PID, PRICE, WEIGHT, GMO, QUANT, R_NUM) VALUES("meat","beef","highquality-galbi", 3, 138900, 3, FALSE, 20, 2);
INSERT INTO ITEMS(CATEGORY_BIG, CATEGORY_SMALL, PNAME, PID, PRICE, WEIGHT, GMO, QUANT, R_NUM) VALUES("meat", "beef","korean-cow soup", 4, 3180, 0.5,  FALSE, 20, 2);
INSERT INTO ITEMS(CATEGORY_BIG, CATEGORY_SMALL, PNAME, PID, PRICE, WEIGHT, GMO, QUANT, R_NUM) VALUES("meat", "beef","seasoning steak", 5, 11600, 0.1, NULL, 100, 2);
INSERT INTO ITEMS(CATEGORY_BIG, CATEGORY_SMALL, PNAME, PID, PRICE, WEIGHT, GMO, QUANT, R_NUM) VALUES("meat", "hen/duck","chicken breast", 6, 5880, 1, FALSE, 30, 2);
INSERT INTO ITEMS(CATEGORY_BIG, CATEGORY_SMALL, PNAME, PID, PRICE, WEIGHT, GMO, QUANT, R_NUM) VALUES("meat", "hen/duck","duck meat",  7, 8980, 0.45, FALSE, 12, 2);
INSERT INTO ITEMS(CATEGORY_BIG, CATEGORY_SMALL, PNAME, PID, PRICE, WEIGHT, GMO, QUANT, R_NUM) VALUES("meat","hen/duck","spicy chicken leg", 8, 5480, 0.25, FALSE, 0, 2);
INSERT INTO ITEMS(CATEGORY_BIG, CATEGORY_SMALL, PNAME, PID, PRICE, WEIGHT, GMO, QUANT, R_NUM) VALUES("meat", "hen/duck","Local Chicken", 9, 9800, 1.05, FALSE, 0, 2);
INSERT INTO ITEMS(CATEGORY_BIG, CATEGORY_SMALL, PNAME, PID, PRICE, WEIGHT, GMO, QUANT, R_NUM) VALUES("meat", "hen/duck", "Sbteamed chicken", 10, 11800, 1.35, NULL, 137, 2);
INSERT INTO ITEMS(CATEGORY_BIG, CATEGORY_SMALL, PNAME, PID, PRICE, WEIGHT, GMO, QUANT, R_NUM) VALUES("meat", "eggs","egg30", 11, 5980, 1.6, NULL, 13, 2);
INSERT INTO ITEMS(CATEGORY_BIG, CATEGORY_SMALL, PNAME, PID, PRICE, WEIGHT, GMO, QUANT, R_NUM) VALUES("meat", "eggs","Quail eggs", 12, 3980, 0.27, NULL, 0, 2);
INSERT INTO ITEMS(CATEGORY_BIG, CATEGORY_SMALL, PNAME, PID, PRICE, WEIGHT, GMO, QUANT, R_NUM) VALUES("meat", "eggs","Yu jung ran", 13, 3980, 0.31, NULL, 3, 2);
INSERT INTO ITEMS(CATEGORY_BIG, CATEGORY_SMALL, PNAME, PID, PRICE, WEIGHT, GMO, QUANT, R_NUM) VALUES("meat", "eggs","Quail eggs", 14, 3890, 0.35, NULL, 150, 2);
INSERT INTO ITEMS(CATEGORY_BIG, CATEGORY_SMALL, PNAME, PID, PRICE, WEIGHT, GMO, QUANT, R_NUM) VALUES("meat", "eggs","golden eggs", 15, 4900, NULL,FALSE, 130, 2);
INSERT INTO ITEMS(CATEGORY_BIG, CATEGORY_SMALL, PNAME, PID, PRICE, WEIGHT, GMO, QUANT, R_NUM) VALUES("drink", "coffee","Sky barley", 16, 980, 1.5, FALSE, 110,2);
INSERT INTO ITEMS(CATEGORY_BIG, CATEGORY_SMALL, PNAME, PID, PRICE, WEIGHT, GMO, QUANT, R_NUM) VALUES("drink", "coffee","vita500" , 17, 10960, 2, FALSE, 0,2);
INSERT INTO ITEMS(CATEGORY_BIG, CATEGORY_SMALL, PNAME, PID, PRICE, WEIGHT, GMO, QUANT, R_NUM) VALUES("drink", "coffee", "TOP latte" ,18, 1680, 1,FALSE, 150,2);
INSERT INTO ITEMS(CATEGORY_BIG, CATEGORY_SMALL, PNAME, PID, PRICE, WEIGHT, GMO, QUANT, R_NUM) VALUES("drink", "coffee","cantata latte",19, 980, 1,FALSE, 160,2);
INSERT INTO ITEMS(CATEGORY_BIG, CATEGORY_SMALL, PNAME, PID, PRICE, WEIGHT, GMO, QUANT, R_NUM) VALUES("drink", "coffee","orangemango" ,20, 5280, 1, FALSE, 130,2);
INSERT INTO ITEMS(CATEGORY_BIG, CATEGORY_SMALL, PNAME, PID, PRICE, WEIGHT, GMO, QUANT, R_NUM) VALUES("drink", "coke/sport","coka coke" ,21, 2650, 1.5, FALSE, 140,2);
INSERT INTO ITEMS(CATEGORY_BIG, CATEGORY_SMALL, PNAME, PID, PRICE, WEIGHT, GMO, QUANT, R_NUM) VALUES("drink", "coke/sport","chilsung-cider",22, 3880, 3.6, FALSE, 110,2);
INSERT INTO ITEMS(CATEGORY_BIG, CATEGORY_SMALL, PNAME, PID, PRICE, WEIGHT, GMO, QUANT, R_NUM) VALUES("drink", "coke/sport","power-ade" ,23, 1850, 1.5, FALSE, 14,2);
INSERT INTO ITEMS(CATEGORY_BIG, CATEGORY_SMALL, PNAME, PID, PRICE, WEIGHT, GMO, QUANT, R_NUM) VALUES("drink", "coke/sport","sparkling time" ,24, 680, 1, FALSE, 13,2);
INSERT INTO ITEMS(CATEGORY_BIG, CATEGORY_SMALL, PNAME, PID, PRICE, WEIGHT, GMO, QUANT, R_NUM) VALUES("drink", "coke/sport","cider 1.5L" ,25, 980, 1.5, FALSE, 20,2);
INSERT INTO ITEMS(CATEGORY_BIG, CATEGORY_SMALL, PNAME, PID, PRICE, WEIGHT, GMO, QUANT, R_NUM) VALUES("drink", "water","mineral water" ,26, 3980, 10, FALSE, 20,2);
INSERT INTO ITEMS(CATEGORY_BIG, CATEGORY_SMALL, PNAME, PID, PRICE, WEIGHT, GMO, QUANT, R_NUM) VALUES("drink", "water","jeju samdasu" ,27, 7800, 0.33, FALSE, 25,2);
INSERT INTO ITEMS(CATEGORY_BIG, CATEGORY_SMALL, PNAME, PID, PRICE, WEIGHT, GMO, QUANT, R_NUM) VALUES("drink", "water","Isis8.0", 28, 9000, 6, FALSE, 17,2);
INSERT INTO ITEMS(CATEGORY_BIG, CATEGORY_SMALL, PNAME, PID, PRICE, WEIGHT, GMO, QUANT, R_NUM) VALUES("drink", "water","evian 500ml",29, 1080,  0.5, FALSE, 3,2);
INSERT INTO ITEMS(CATEGORY_BIG, CATEGORY_SMALL, PNAME, PID, PRICE, WEIGHT, GMO, QUANT, R_NUM) VALUES("drink", "water", "Perrier lemon",30, 3980, 1.32, FALSE, 5,2);
INSERT INTO ITEMS(CATEGORY_BIG, CATEGORY_SMALL, PNAME, PID, PRICE, WEIGHT, GMO, QUANT, R_NUM) VALUES("fruits", "apple/peer", "naju peer", 31,11900, NULL, FALSE,  3,2);
INSERT INTO ITEMS(CATEGORY_BIG, CATEGORY_SMALL, PNAME, PID, PRICE, WEIGHT, GMO, QUANT, R_NUM) VALUES("fruits", "apple/peer","NH apple", 32, 18800, 3, FALSE, 15,2);
INSERT INTO ITEMS(CATEGORY_BIG, CATEGORY_SMALL, PNAME, PID, PRICE, WEIGHT, GMO, QUANT, R_NUM) VALUES("fruits", "apple/pee","sunfruits" ,33, 9900, 3, FALSE, 5,2);
INSERT INTO ITEMS(CATEGORY_BIG, CATEGORY_SMALL, PNAME, PID, PRICE, WEIGHT, GMO, QUANT, R_NUM) VALUES("fruits", "apple/peer","mixgiftset",  34, 48900, NULL, FALSE, 5,2);
INSERT INTO ITEMS(CATEGORY_BIG, CATEGORY_SMALL, PNAME, PID, PRICE, WEIGHT, GMO, QUANT, R_NUM) VALUES("fruits", "apple/peer","najugoldenpeer", 35, 11800, 5, FALSE, 2,2);
INSERT INTO ITEMS(CATEGORY_BIG, CATEGORY_SMALL, PNAME, PID, PRICE, WEIGHT, GMO, QUANT, R_NUM) VALUES("fruits","bana/oran","eq-banana", 36, 2980, 1.3, FALSE, 5,2);
INSERT INTO ITEMS(CATEGORY_BIG, CATEGORY_SMALL, PNAME, PID, PRICE, WEIGHT, GMO, QUANT, R_NUM) VALUES("fruits","bana/oran","sa-orange", 37, 50900, 14.336, FALSE, 100,2);
INSERT INTO ITEMS(CATEGORY_BIG, CATEGORY_SMALL, PNAME, PID, PRICE, WEIGHT, GMO, QUANT, R_NUM) VALUES("fruits","bana/oran","green kiwi",38, 14900, 2, FALSE, 25,2);
INSERT INTO ITEMS(CATEGORY_BIG, CATEGORY_SMALL, PNAME, PID, PRICE, WEIGHT, GMO, QUANT, R_NUM) VALUES("fruits","bana/oran","avocado", 39, 1900, 0.4,  18,2);
INSERT INTO ITEMS(CATEGORY_BIG, CATEGORY_SMALL, PNAME, PID, PRICE, WEIGHT, GMO, QUANT, R_NUM) VALUES("fruits","bana/oran","ph-pineapple", 40, 13900, 1, FALSE, 120,2);
INSERT INTO ITEMS(CATEGORY_BIG, CATEGORY_SMALL, PNAME, PID, PRICE, WEIGHT, GMO, QUANT, R_NUM) VALUES("fruits", "Peanuts","grilled-amond", 41, 11800, 0.7, FALSE, 200,2);
INSERT INTO ITEMS(CATEGORY_BIG, CATEGORY_SMALL, PNAME, PID, PRICE, WEIGHT, GMO, QUANT, R_NUM) VALUES("fruits", "Peanuts","brazil-nut", 42, 13800, 0.44, FALSE, 500,2);
INSERT INTO ITEMS(CATEGORY_BIG, CATEGORY_SMALL, PNAME, PID, PRICE, WEIGHT, GMO, QUANT, R_NUM) VALUES("fruits", "Peanuts","as-acadamia", 43, 9800, 0.2, 400,2);
INSERT INTO ITEMS(CATEGORY_BIG, CATEGORY_SMALL, PNAME, PID, PRICE, WEIGHT, GMO, QUANT, R_NUM) VALUES("fruits", "Peanuts","mix-nut", 44, 9980, 0.8, FALSE, 190,2);
INSERT INTO ITEMS(CATEGORY_BIG, CATEGORY_SMALL, PNAME, PID, PRICE, WEIGHT, GMO, QUANT, R_NUM) VALUES("fruits", "Peanuts","honeybutter amond",  45, 6880, 0.25, FALSE, 0,2);
INSERT INTO ITEMS(CATEGORY_BIG, CATEGORY_SMALL, PNAME, PID, PRICE, WEIGHT, GMO, QUANT, R_NUM) VALUES("fruits", "Peanuts","as-acadamia", 46, 9800, 0.2, FALSE, 40,2);
INSERT INTO ITEMS(CATEGORY_BIG, CATEGORY_SMALL, PNAME, PID, PRICE, WEIGHT, GMO, QUANT, R_NUM) VALUES("fruits", "Peanuts","mix-nut", 47, 9980, 0.8, FALSE, 10,2);
INSERT INTO ITEMS(CATEGORY_BIG, CATEGORY_SMALL, PNAME, PID, PRICE, WEIGHT, GMO, QUANT, R_NUM) VALUES("fruits","bana/oran","avocado", 48, 1900, 0.4, FALSE, 5,2);
INSERT INTO ITEMS(CATEGORY_BIG, CATEGORY_SMALL, PNAME, PID, PRICE, WEIGHT, GMO, QUANT, R_NUM) VALUES("fruits", "apple/peer","goldenpeer", 49, 11800, 5, FALSE, 38,2);
INSERT INTO ITEMS(CATEGORY_BIG, CATEGORY_SMALL, PNAME, PID, PRICE, WEIGHT, GMO, QUANT, R_NUM) VALUES("meat","beef","korean-cow", 1, 38400, 0.1, FALSE, 15, 3);
INSERT INTO ITEMS(CATEGORY_BIG, CATEGORY_SMALL, PNAME, PID, PRICE, WEIGHT, GMO, QUANT, R_NUM) VALUES("meat", "beef","LAGalbi",2,  72800, 2, FALSE, 0, 3);
INSERT INTO ITEMS(CATEGORY_BIG, CATEGORY_SMALL, PNAME, PID, PRICE, WEIGHT, GMO, QUANT, R_NUM) VALUES("meat","beef","highquality-galbi", 3, 138900, 3, FALSE, 5, 3);
INSERT INTO ITEMS(CATEGORY_BIG, CATEGORY_SMALL, PNAME, PID, PRICE, WEIGHT, GMO, QUANT, R_NUM) VALUES("meat", "beef","korean-cow soup", 4, 3180, 0.5,  FALSE, 5, 3);
INSERT INTO ITEMS(CATEGORY_BIG, CATEGORY_SMALL, PNAME, PID, PRICE, WEIGHT, GMO, QUANT, R_NUM) VALUES("meat", "beef","seasoning steak", 5, 11600, 0.1, NULL, 100, 3);
INSERT INTO ITEMS(CATEGORY_BIG, CATEGORY_SMALL, PNAME, PID, PRICE, WEIGHT, GMO, QUANT, R_NUM) VALUES("meat", "hen/duck","chicken breast", 6, 5880, 1, FALSE, 30, 3);
INSERT INTO ITEMS(CATEGORY_BIG, CATEGORY_SMALL, PNAME, PID, PRICE, WEIGHT, GMO, QUANT, R_NUM) VALUES("meat", "hen/duck","duck meat",  7, 8980, 0.45, FALSE, 12, 3);
INSERT INTO ITEMS(CATEGORY_BIG, CATEGORY_SMALL, PNAME, PID, PRICE, WEIGHT, GMO, QUANT, R_NUM) VALUES("meat","hen/duck","spicy chicken leg", 8, 5480, 0.25, FALSE, 3, 3);
INSERT INTO ITEMS(CATEGORY_BIG, CATEGORY_SMALL, PNAME, PID, PRICE, WEIGHT, GMO, QUANT, R_NUM) VALUES("meat", "hen/duck","Local Chicken", 9, 9800, 1.05, FALSE, 0, 3);
INSERT INTO ITEMS(CATEGORY_BIG, CATEGORY_SMALL, PNAME, PID, PRICE, WEIGHT, GMO, QUANT, R_NUM) VALUES("meat", "hen/duck", "Sbteamed chicken", 10, 11800, 1.35, NULL, 137, 3);
INSERT INTO ITEMS(CATEGORY_BIG, CATEGORY_SMALL, PNAME, PID, PRICE, WEIGHT, GMO, QUANT, R_NUM) VALUES("meat", "eggs","egg30", 11, 5980, 1.6, NULL, 130, 3);
INSERT INTO ITEMS(CATEGORY_BIG, CATEGORY_SMALL, PNAME, PID, PRICE, WEIGHT, GMO, QUANT, R_NUM) VALUES("meat", "eggs","Quail eggs", 12, 3980, 0.27, NULL, 10, 3);
INSERT INTO ITEMS(CATEGORY_BIG, CATEGORY_SMALL, PNAME, PID, PRICE, WEIGHT, GMO, QUANT, R_NUM) VALUES("meat", "eggs","Yu jung ran", 13, 3980, 0.31, NULL, 70, 3);
INSERT INTO ITEMS(CATEGORY_BIG, CATEGORY_SMALL, PNAME, PID, PRICE, WEIGHT, GMO, QUANT, R_NUM) VALUES("meat", "eggs","Quail eggs", 14, 3890, 0.35, NULL, 150, 3);
INSERT INTO ITEMS(CATEGORY_BIG, CATEGORY_SMALL, PNAME, PID, PRICE, WEIGHT, GMO, QUANT, R_NUM) VALUES("meat", "eggs","golden eggs", 15, 4900, NULL,FALSE, 130, 3);
INSERT INTO ITEMS(CATEGORY_BIG, CATEGORY_SMALL, PNAME, PID, PRICE, WEIGHT, GMO, QUANT, R_NUM) VALUES("drink", "coffee","Sky barley", 16, 980, 1.5, FALSE, 110,3);
INSERT INTO ITEMS(CATEGORY_BIG, CATEGORY_SMALL, PNAME, PID, PRICE, WEIGHT, GMO, QUANT, R_NUM) VALUES("drink", "coffee","vita500" , 17, 10960, 2, FALSE, 0,3);
INSERT INTO ITEMS(CATEGORY_BIG, CATEGORY_SMALL, PNAME, PID, PRICE, WEIGHT, GMO, QUANT, R_NUM) VALUES("drink", "coffee", "TOP latte" ,18, 1680, 1,FALSE, 5,3);
INSERT INTO ITEMS(CATEGORY_BIG, CATEGORY_SMALL, PNAME, PID, PRICE, WEIGHT, GMO, QUANT, R_NUM) VALUES("drink", "coffee","cantata latte",19, 980, 1,FALSE, 0,3);
INSERT INTO ITEMS(CATEGORY_BIG, CATEGORY_SMALL, PNAME, PID, PRICE, WEIGHT, GMO, QUANT, R_NUM) VALUES("drink", "coffee","orangemango" ,20, 5280, 1, FALSE, 130,3);
INSERT INTO ITEMS(CATEGORY_BIG, CATEGORY_SMALL, PNAME, PID, PRICE, WEIGHT, GMO, QUANT, R_NUM) VALUES("drink", "coke/sport","coka coke" ,21, 2650, 1.5, FALSE, 140,3);
INSERT INTO ITEMS(CATEGORY_BIG, CATEGORY_SMALL, PNAME, PID, PRICE, WEIGHT, GMO, QUANT, R_NUM) VALUES("drink", "coke/sport","chilsung-cider",22, 3880, 3.6, FALSE, 110,3);
INSERT INTO ITEMS(CATEGORY_BIG, CATEGORY_SMALL, PNAME, PID, PRICE, WEIGHT, GMO, QUANT, R_NUM) VALUES("drink", "coke/sport","power-ade" ,23, 1850, 1.5, FALSE, 140,3);
INSERT INTO ITEMS(CATEGORY_BIG, CATEGORY_SMALL, PNAME, PID, PRICE, WEIGHT, GMO, QUANT, R_NUM) VALUES("drink", "coke/sport","sparkling time" ,24, 680, 1, FALSE, 130,3);
INSERT INTO ITEMS(CATEGORY_BIG, CATEGORY_SMALL, PNAME, PID, PRICE, WEIGHT, GMO, QUANT, R_NUM) VALUES("drink", "coke/sport","cider 1.5L" ,25, 980, 1.5, FALSE, 200,3);
INSERT INTO ITEMS(CATEGORY_BIG, CATEGORY_SMALL, PNAME, PID, PRICE, WEIGHT, GMO, QUANT, R_NUM) VALUES("drink", "water","mineral water" ,26, 3980, 10, FALSE, 200,3);
INSERT INTO ITEMS(CATEGORY_BIG, CATEGORY_SMALL, PNAME, PID, PRICE, WEIGHT, GMO, QUANT, R_NUM) VALUES("drink", "water","jeju samdasu" ,27, 7800, 0.33, FALSE, 5,3);
INSERT INTO ITEMS(CATEGORY_BIG, CATEGORY_SMALL, PNAME, PID, PRICE, WEIGHT, GMO, QUANT, R_NUM) VALUES("drink", "water","Isis8.0", 28, 9000, 6, FALSE, 5,3);
INSERT INTO ITEMS(CATEGORY_BIG, CATEGORY_SMALL, PNAME, PID, PRICE, WEIGHT, GMO, QUANT, R_NUM) VALUES("drink", "water","evian 500ml",29, 1080,  0.5, FALSE, 190,3);
INSERT INTO ITEMS(CATEGORY_BIG, CATEGORY_SMALL, PNAME, PID, PRICE, WEIGHT, GMO, QUANT, R_NUM) VALUES("drink", "water", "Perrier lemon",30, 3980, 1.32, FALSE, 200,3);
INSERT INTO ITEMS(CATEGORY_BIG, CATEGORY_SMALL, PNAME, PID, PRICE, WEIGHT, GMO, QUANT, R_NUM) VALUES("fruits", "apple/peer", "naju peer", 31,11900, NULL, FALSE,  30,3);
INSERT INTO ITEMS(CATEGORY_BIG, CATEGORY_SMALL, PNAME, PID, PRICE, WEIGHT, GMO, QUANT, R_NUM) VALUES("fruits", "apple/peer","NH apple", 32, 18800, 3, FALSE, 0,3);
INSERT INTO ITEMS(CATEGORY_BIG, CATEGORY_SMALL, PNAME, PID, PRICE, WEIGHT, GMO, QUANT, R_NUM) VALUES("fruits", "apple/pee","sunfruits" ,33, 9900, 3, FALSE, 5,3);
INSERT INTO ITEMS(CATEGORY_BIG, CATEGORY_SMALL, PNAME, PID, PRICE, WEIGHT, GMO, QUANT, R_NUM) VALUES("fruits", "apple/peer","mixgiftset",  34, 48900, NULL, FALSE, 100,3);
INSERT INTO ITEMS(CATEGORY_BIG, CATEGORY_SMALL, PNAME, PID, PRICE, WEIGHT, GMO, QUANT, R_NUM) VALUES("fruits", "apple/peer","najugoldenpeer", 35, 11800, 5, FALSE, 38,3);
INSERT INTO ITEMS(CATEGORY_BIG, CATEGORY_SMALL, PNAME, PID, PRICE, WEIGHT, GMO, QUANT, R_NUM) VALUES("fruits","bana/oran","eq-banana", 36, 2980, 1.3, FALSE, 5,3);
INSERT INTO ITEMS(CATEGORY_BIG, CATEGORY_SMALL, PNAME, PID, PRICE, WEIGHT, GMO, QUANT, R_NUM) VALUES("fruits","bana/oran","sa-orange", 37, 50900, 14.336, FALSE, 170,3);
INSERT INTO ITEMS(CATEGORY_BIG, CATEGORY_SMALL, PNAME, PID, PRICE, WEIGHT, GMO, QUANT, R_NUM) VALUES("fruits","bana/oran","green kiwi",38, 14900, 2, FALSE, 25,3);
INSERT INTO ITEMS(CATEGORY_BIG, CATEGORY_SMALL, PNAME, PID, PRICE, WEIGHT, GMO, QUANT, R_NUM) VALUES("fruits","bana/oran","avocado", 39, 1900, 0.4,  5,3);
INSERT INTO ITEMS(CATEGORY_BIG, CATEGORY_SMALL, PNAME, PID, PRICE, WEIGHT, GMO, QUANT, R_NUM) VALUES("fruits","bana/oran","ph-pineapple", 40, 13900, 1, FALSE, 5,3);
INSERT INTO ITEMS(CATEGORY_BIG, CATEGORY_SMALL, PNAME, PID, PRICE, WEIGHT, GMO, QUANT, R_NUM) VALUES("fruits", "Peanuts","grilled-amond", 41, 11800, 0.7, FALSE, 20,3);
INSERT INTO ITEMS(CATEGORY_BIG, CATEGORY_SMALL, PNAME, PID, PRICE, WEIGHT, GMO, QUANT, R_NUM) VALUES("fruits", "Peanuts","brazil-nut", 42, 13800, 0.44, FALSE, 50,3);
INSERT INTO ITEMS(CATEGORY_BIG, CATEGORY_SMALL, PNAME, PID, PRICE, WEIGHT, GMO, QUANT, R_NUM) VALUES("fruits", "Peanuts","as-acadamia", 43, 9800, 0.2, 40,3);
INSERT INTO ITEMS(CATEGORY_BIG, CATEGORY_SMALL, PNAME, PID, PRICE, WEIGHT, GMO, QUANT, R_NUM) VALUES("fruits", "Peanuts","mix-nut", 44, 9980, 0.8, FALSE, 19,3);
INSERT INTO ITEMS(CATEGORY_BIG, CATEGORY_SMALL, PNAME, PID, PRICE, WEIGHT, GMO, QUANT, R_NUM) VALUES("fruits", "Peanuts","honeybutter amond",  45, 6880, 0.25, FALSE, 14,3);
INSERT INTO ITEMS(CATEGORY_BIG, CATEGORY_SMALL, PNAME, PID, PRICE, WEIGHT, GMO, QUANT, R_NUM) VALUES("fruits", "Peanuts","as-acadamia", 46, 9800, 0.2, FALSE, 400,3);
INSERT INTO ITEMS(CATEGORY_BIG, CATEGORY_SMALL, PNAME, PID, PRICE, WEIGHT, GMO, QUANT, R_NUM) VALUES("fruits", "Peanuts","mix-nut", 47, 9980, 0.8, FALSE, 5,3);
INSERT INTO ITEMS(CATEGORY_BIG, CATEGORY_SMALL, PNAME, PID, PRICE, WEIGHT, GMO, QUANT, R_NUM) VALUES("fruits","bana/oran","avocado", 48, 1900, 0.4, FALSE, 180,3);
INSERT INTO ITEMS(CATEGORY_BIG, CATEGORY_SMALL, PNAME, PID, PRICE, WEIGHT, GMO, QUANT, R_NUM) VALUES("fruits", "apple/peer","goldenpeer", 49, 11800, 5, FALSE, 38,3);
INSERT INTO ITEMS(CATEGORY_BIG, CATEGORY_SMALL, PNAME, PID, PRICE, WEIGHT, GMO, QUANT, R_NUM) VALUES("meat","beef","korean-cow", 1, 38400, 0.1, FALSE, 15, 4);
INSERT INTO ITEMS(CATEGORY_BIG, CATEGORY_SMALL, PNAME, PID, PRICE, WEIGHT, GMO, QUANT, R_NUM) VALUES("meat", "beef","LAGalbi",2,  72800, 2, FALSE, 0, 4);
INSERT INTO ITEMS(CATEGORY_BIG, CATEGORY_SMALL, PNAME, PID, PRICE, WEIGHT, GMO, QUANT, R_NUM) VALUES("meat","beef","highquality-galbi", 3, 138900, 3, FALSE, 5, 4);
INSERT INTO ITEMS(CATEGORY_BIG, CATEGORY_SMALL, PNAME, PID, PRICE, WEIGHT, GMO, QUANT, R_NUM) VALUES("meat", "beef","korean-cow soup", 4, 3180, 0.5,  FALSE, 5, 4);
INSERT INTO ITEMS(CATEGORY_BIG, CATEGORY_SMALL, PNAME, PID, PRICE, WEIGHT, GMO, QUANT, R_NUM) VALUES("meat", "beef","seasoning steak", 5, 11600, 0.1, NULL, 100, 4);
INSERT INTO ITEMS(CATEGORY_BIG, CATEGORY_SMALL, PNAME, PID, PRICE, WEIGHT, GMO, QUANT, R_NUM) VALUES("meat", "hen/duck","chicken breast", 6, 5880, 1, FALSE, 5, 4);
INSERT INTO ITEMS(CATEGORY_BIG, CATEGORY_SMALL, PNAME, PID, PRICE, WEIGHT, GMO, QUANT, R_NUM) VALUES("meat", "hen/duck","duck meat",  7, 8980, 0.45, FALSE, 5, 4);
INSERT INTO ITEMS(CATEGORY_BIG, CATEGORY_SMALL, PNAME, PID, PRICE, WEIGHT, GMO, QUANT, R_NUM) VALUES("meat","hen/duck","spicy chicken leg", 8, 5480, 0.25, FALSE, 5, 4);
INSERT INTO ITEMS(CATEGORY_BIG, CATEGORY_SMALL, PNAME, PID, PRICE, WEIGHT, GMO, QUANT, R_NUM) VALUES("meat", "hen/duck","Local Chicken", 9, 9800, 1.05, FALSE, 120, 4);
INSERT INTO ITEMS(CATEGORY_BIG, CATEGORY_SMALL, PNAME, PID, PRICE, WEIGHT, GMO, QUANT, R_NUM) VALUES("meat", "hen/duck", "Sbteamed chicken", 10, 11800, 1.35, NULL, 137, 4);
INSERT INTO ITEMS(CATEGORY_BIG, CATEGORY_SMALL, PNAME, PID, PRICE, WEIGHT, GMO, QUANT, R_NUM) VALUES("meat", "eggs","egg30", 11, 5980, 1.6, NULL, 130, 4);
INSERT INTO ITEMS(CATEGORY_BIG, CATEGORY_SMALL, PNAME, PID, PRICE, WEIGHT, GMO, QUANT, R_NUM) VALUES("meat", "eggs","Quail eggs", 12, 3980, 0.27, NULL, 0, 4);
INSERT INTO ITEMS(CATEGORY_BIG, CATEGORY_SMALL, PNAME, PID, PRICE, WEIGHT, GMO, QUANT, R_NUM) VALUES("meat", "eggs","Yu jung ran", 13, 3980, 0.31, NULL, 0, 4);
INSERT INTO ITEMS(CATEGORY_BIG, CATEGORY_SMALL, PNAME, PID, PRICE, WEIGHT, GMO, QUANT, R_NUM) VALUES("meat", "eggs","Quail eggs", 14, 3890, 0.35, NULL, 5, 4);
INSERT INTO ITEMS(CATEGORY_BIG, CATEGORY_SMALL, PNAME, PID, PRICE, WEIGHT, GMO, QUANT, R_NUM) VALUES("meat", "eggs","golden eggs", 15, 4900, NULL,FALSE, 130, 4);
INSERT INTO ITEMS(CATEGORY_BIG, CATEGORY_SMALL, PNAME, PID, PRICE, WEIGHT, GMO, QUANT, R_NUM) VALUES("drink", "coffee","Sky barley", 16, 980, 1.5, FALSE, 5,4);
INSERT INTO ITEMS(CATEGORY_BIG, CATEGORY_SMALL, PNAME, PID, PRICE, WEIGHT, GMO, QUANT, R_NUM) VALUES("drink", "coffee","vita500" , 17, 10960, 2, FALSE, 0,4);
INSERT INTO ITEMS(CATEGORY_BIG, CATEGORY_SMALL, PNAME, PID, PRICE, WEIGHT, GMO, QUANT, R_NUM) VALUES("drink", "coffee", "TOP latte" ,18, 1680, 1,FALSE, 150,4);
INSERT INTO ITEMS(CATEGORY_BIG, CATEGORY_SMALL, PNAME, PID, PRICE, WEIGHT, GMO, QUANT, R_NUM) VALUES("drink", "coffee","cantata latte",19, 980, 1,FALSE, 160,4);
INSERT INTO ITEMS(CATEGORY_BIG, CATEGORY_SMALL, PNAME, PID, PRICE, WEIGHT, GMO, QUANT, R_NUM) VALUES("drink", "coffee","orangemango" ,20, 5280, 1, FALSE, 130,4);
INSERT INTO ITEMS(CATEGORY_BIG, CATEGORY_SMALL, PNAME, PID, PRICE, WEIGHT, GMO, QUANT, R_NUM) VALUES("drink", "coke/sport","coka coke" ,21, 2650, 1.5, FALSE, 140,4);
INSERT INTO ITEMS(CATEGORY_BIG, CATEGORY_SMALL, PNAME, PID, PRICE, WEIGHT, GMO, QUANT, R_NUM) VALUES("drink", "coke/sport","chilsung-cider",22, 3880, 3.6, FALSE, 110,4);
INSERT INTO ITEMS(CATEGORY_BIG, CATEGORY_SMALL, PNAME, PID, PRICE, WEIGHT, GMO, QUANT, R_NUM) VALUES("drink", "coke/sport","power-ade" ,23, 1850, 1.5, FALSE, 5,4);
INSERT INTO ITEMS(CATEGORY_BIG, CATEGORY_SMALL, PNAME, PID, PRICE, WEIGHT, GMO, QUANT, R_NUM) VALUES("drink", "coke/sport","sparkling time" ,24, 680, 1, FALSE, 5,4);
INSERT INTO ITEMS(CATEGORY_BIG, CATEGORY_SMALL, PNAME, PID, PRICE, WEIGHT, GMO, QUANT, R_NUM) VALUES("drink", "coke/sport","cider 1.5L" ,25, 980, 1.5, FALSE, 5,4);
INSERT INTO ITEMS(CATEGORY_BIG, CATEGORY_SMALL, PNAME, PID, PRICE, WEIGHT, GMO, QUANT, R_NUM) VALUES("drink", "water","mineral water" ,26, 3980, 10, FALSE, 200,4);
INSERT INTO ITEMS(CATEGORY_BIG, CATEGORY_SMALL, PNAME, PID, PRICE, WEIGHT, GMO, QUANT, R_NUM) VALUES("drink", "water","jeju samdasu" ,27, 7800, 0.33, FALSE, 250,4);
INSERT INTO ITEMS(CATEGORY_BIG, CATEGORY_SMALL, PNAME, PID, PRICE, WEIGHT, GMO, QUANT, R_NUM) VALUES("drink", "water","Isis8.0", 28, 9000, 6, FALSE, 0,4);
INSERT INTO ITEMS(CATEGORY_BIG, CATEGORY_SMALL, PNAME, PID, PRICE, WEIGHT, GMO, QUANT, R_NUM) VALUES("drink", "water","evian 500ml",29, 1080,  0.5, FALSE, 190,4);
INSERT INTO ITEMS(CATEGORY_BIG, CATEGORY_SMALL, PNAME, PID, PRICE, WEIGHT, GMO, QUANT, R_NUM) VALUES("drink", "water", "Perrier lemon",30, 3980, 1.32, FALSE, 200,4);
INSERT INTO ITEMS(CATEGORY_BIG, CATEGORY_SMALL, PNAME, PID, PRICE, WEIGHT, GMO, QUANT, R_NUM) VALUES("fruits", "apple/peer", "naju peer", 31,11900, NULL, FALSE,  300,4);
INSERT INTO ITEMS(CATEGORY_BIG, CATEGORY_SMALL, PNAME, PID, PRICE, WEIGHT, GMO, QUANT, R_NUM) VALUES("fruits", "apple/peer","NH apple", 32, 18800, 3, FALSE, 15,4);
INSERT INTO ITEMS(CATEGORY_BIG, CATEGORY_SMALL, PNAME, PID, PRICE, WEIGHT, GMO, QUANT, R_NUM) VALUES("fruits", "apple/pee","sunfruits" ,33, 9900, 3, FALSE, 20,4);
INSERT INTO ITEMS(CATEGORY_BIG, CATEGORY_SMALL, PNAME, PID, PRICE, WEIGHT, GMO, QUANT, R_NUM) VALUES("fruits", "apple/peer","mixgiftset",  34, 48900, NULL, FALSE, 20,4);
INSERT INTO ITEMS(CATEGORY_BIG, CATEGORY_SMALL, PNAME, PID, PRICE, WEIGHT, GMO, QUANT, R_NUM) VALUES("fruits", "apple/peer","najugoldenpeer", 35, 11800, 5, FALSE, 38,4);
INSERT INTO ITEMS(CATEGORY_BIG, CATEGORY_SMALL, PNAME, PID, PRICE, WEIGHT, GMO, QUANT, R_NUM) VALUES("fruits","bana/oran","eq-banana", 36, 2980, 1.3, FALSE, 5,4);
INSERT INTO ITEMS(CATEGORY_BIG, CATEGORY_SMALL, PNAME, PID, PRICE, WEIGHT, GMO, QUANT, R_NUM) VALUES("fruits","bana/oran","sa-orange", 37, 50900, 14.336, FALSE, 17,4);
INSERT INTO ITEMS(CATEGORY_BIG, CATEGORY_SMALL, PNAME, PID, PRICE, WEIGHT, GMO, QUANT, R_NUM) VALUES("fruits","bana/oran","green kiwi",38, 14900, 2, FALSE, 25,4);
INSERT INTO ITEMS(CATEGORY_BIG, CATEGORY_SMALL, PNAME, PID, PRICE, WEIGHT, GMO, QUANT, R_NUM) VALUES("fruits","bana/oran","avocado", 39, 1900, 0.4,  18,4);
INSERT INTO ITEMS(CATEGORY_BIG, CATEGORY_SMALL, PNAME, PID, PRICE, WEIGHT, GMO, QUANT, R_NUM) VALUES("fruits","bana/oran","ph-pineapple", 40, 13900, 1, FALSE, 12,4);
INSERT INTO ITEMS(CATEGORY_BIG, CATEGORY_SMALL, PNAME, PID, PRICE, WEIGHT, GMO, QUANT, R_NUM) VALUES("fruits", "Peanuts","grilled-amond", 41, 11800, 0.7, FALSE, 20,4);
INSERT INTO ITEMS(CATEGORY_BIG, CATEGORY_SMALL, PNAME, PID, PRICE, WEIGHT, GMO, QUANT, R_NUM) VALUES("fruits", "Peanuts","brazil-nut", 42, 13800, 0.44, FALSE, 50,4);
INSERT INTO ITEMS(CATEGORY_BIG, CATEGORY_SMALL, PNAME, PID, PRICE, WEIGHT, GMO, QUANT, R_NUM) VALUES("fruits", "Peanuts","as-acadamia", 43, 9800, 0.2, 40,4);
INSERT INTO ITEMS(CATEGORY_BIG, CATEGORY_SMALL, PNAME, PID, PRICE, WEIGHT, GMO, QUANT, R_NUM) VALUES("fruits", "Peanuts","mix-nut", 44, 9980, 0.8, FALSE, 19,4);
INSERT INTO ITEMS(CATEGORY_BIG, CATEGORY_SMALL, PNAME, PID, PRICE, WEIGHT, GMO, QUANT, R_NUM) VALUES("fruits", "Peanuts","honeybutter amond",  45, 6880, 0.25, FALSE, 14,4);
INSERT INTO ITEMS(CATEGORY_BIG, CATEGORY_SMALL, PNAME, PID, PRICE, WEIGHT, GMO, QUANT, R_NUM) VALUES("fruits", "Peanuts","as-acadamia", 46, 9800, 0.2, FALSE, 40,4);
INSERT INTO ITEMS(CATEGORY_BIG, CATEGORY_SMALL, PNAME, PID, PRICE, WEIGHT, GMO, QUANT, R_NUM) VALUES("fruits", "Peanuts","mix-nut", 47, 9980, 0.8, FALSE, 19,4);
INSERT INTO ITEMS(CATEGORY_BIG, CATEGORY_SMALL, PNAME, PID, PRICE, WEIGHT, GMO, QUANT, R_NUM) VALUES("fruits","bana/oran","avocado", 48, 1900, 0.4, FALSE, 18,4);
INSERT INTO ITEMS(CATEGORY_BIG, CATEGORY_SMALL, PNAME, PID, PRICE, WEIGHT, GMO, QUANT, R_NUM) VALUES("fruits", "apple/peer","goldenpeer", 49, 11800, 5, FALSE, 38,4);
INSERT INTO ITEMS(CATEGORY_BIG, CATEGORY_SMALL, PNAME, PID, PRICE, WEIGHT, GMO, QUANT, R_NUM) VALUES("meat","beef","korean-cow", 1, 38400, 0.1, FALSE, 15, 5);
INSERT INTO ITEMS(CATEGORY_BIG, CATEGORY_SMALL, PNAME, PID, PRICE, WEIGHT, GMO, QUANT, R_NUM) VALUES("meat", "beef","LAGalbi",2,  72800, 2, FALSE, 0, 5);
INSERT INTO ITEMS(CATEGORY_BIG, CATEGORY_SMALL, PNAME, PID, PRICE, WEIGHT, GMO, QUANT, R_NUM) VALUES("meat","beef","highquality-galbi", 3, 138900, 3, FALSE, 20, 5);
INSERT INTO ITEMS(CATEGORY_BIG, CATEGORY_SMALL, PNAME, PID, PRICE, WEIGHT, GMO, QUANT, R_NUM) VALUES("meat", "beef","korean-cow soup", 4, 3180, 0.5,  FALSE, 20, 5);
INSERT INTO ITEMS(CATEGORY_BIG, CATEGORY_SMALL, PNAME, PID, PRICE, WEIGHT, GMO, QUANT, R_NUM) VALUES("meat", "beef","seasoning steak", 5, 11600, 0.1, NULL, 100, 5);
INSERT INTO ITEMS(CATEGORY_BIG, CATEGORY_SMALL, PNAME, PID, PRICE, WEIGHT, GMO, QUANT, R_NUM) VALUES("meat", "hen/duck","chicken breast", 6, 5880, 1, FALSE, 30, 5);
INSERT INTO ITEMS(CATEGORY_BIG, CATEGORY_SMALL, PNAME, PID, PRICE, WEIGHT, GMO, QUANT, R_NUM) VALUES("meat", "hen/duck","duck meat",  7, 8980, 0.45, FALSE, 12, 5);
INSERT INTO ITEMS(CATEGORY_BIG, CATEGORY_SMALL, PNAME, PID, PRICE, WEIGHT, GMO, QUANT, R_NUM) VALUES("meat","hen/duck","spicy chicken leg", 8, 5480, 0.25, FALSE, 5, 5);
INSERT INTO ITEMS(CATEGORY_BIG, CATEGORY_SMALL, PNAME, PID, PRICE, WEIGHT, GMO, QUANT, R_NUM) VALUES("meat", "hen/duck","Local Chicken", 9, 9800, 1.05, FALSE, 120, 5);
INSERT INTO ITEMS(CATEGORY_BIG, CATEGORY_SMALL, PNAME, PID, PRICE, WEIGHT, GMO, QUANT, R_NUM) VALUES("meat", "hen/duck", "Sbteamed chicken", 10, 11800, 1.35, NULL, 137, 5);
INSERT INTO ITEMS(CATEGORY_BIG, CATEGORY_SMALL, PNAME, PID, PRICE, WEIGHT, GMO, QUANT, R_NUM) VALUES("meat", "eggs","egg30", 11, 5980, 1.6, NULL, 130, 5);
INSERT INTO ITEMS(CATEGORY_BIG, CATEGORY_SMALL, PNAME, PID, PRICE, WEIGHT, GMO, QUANT, R_NUM) VALUES("meat", "eggs","Quail eggs", 12, 3980, 0.27, NULL, 10, 5);
INSERT INTO ITEMS(CATEGORY_BIG, CATEGORY_SMALL, PNAME, PID, PRICE, WEIGHT, GMO, QUANT, R_NUM) VALUES("meat", "eggs","Yu jung ran", 13, 3980, 0.31, NULL, 5, 5);
INSERT INTO ITEMS(CATEGORY_BIG, CATEGORY_SMALL, PNAME, PID, PRICE, WEIGHT, GMO, QUANT, R_NUM) VALUES("meat", "eggs","Quail eggs", 14, 3890, 0.35, NULL, 150, 5);
INSERT INTO ITEMS(CATEGORY_BIG, CATEGORY_SMALL, PNAME, PID, PRICE, WEIGHT, GMO, QUANT, R_NUM) VALUES("meat", "eggs","golden eggs", 15, 4900, NULL,FALSE, 130, 5);
INSERT INTO ITEMS(CATEGORY_BIG, CATEGORY_SMALL, PNAME, PID, PRICE, WEIGHT, GMO, QUANT, R_NUM) VALUES("drink", "coffee","Sky barley", 16, 980, 1.5, FALSE, 110,5);
INSERT INTO ITEMS(CATEGORY_BIG, CATEGORY_SMALL, PNAME, PID, PRICE, WEIGHT, GMO, QUANT, R_NUM) VALUES("drink", "coffee","vita500" , 17, 10960, 2, FALSE, 0,5);
INSERT INTO ITEMS(CATEGORY_BIG, CATEGORY_SMALL, PNAME, PID, PRICE, WEIGHT, GMO, QUANT, R_NUM) VALUES("drink", "coffee", "TOP latte" ,18, 1680, 1,FALSE, 0,5);
INSERT INTO ITEMS(CATEGORY_BIG, CATEGORY_SMALL, PNAME, PID, PRICE, WEIGHT, GMO, QUANT, R_NUM) VALUES("drink", "coffee","cantata latte",19, 980, 1,FALSE, 160,5);
INSERT INTO ITEMS(CATEGORY_BIG, CATEGORY_SMALL, PNAME, PID, PRICE, WEIGHT, GMO, QUANT, R_NUM) VALUES("drink", "coffee","orangemango" ,20, 5280, 1, FALSE, 130,5);
INSERT INTO ITEMS(CATEGORY_BIG, CATEGORY_SMALL, PNAME, PID, PRICE, WEIGHT, GMO, QUANT, R_NUM) VALUES("drink", "coke/sport","coka coke" ,21, 2650, 1.5, FALSE, 140,5);
INSERT INTO ITEMS(CATEGORY_BIG, CATEGORY_SMALL, PNAME, PID, PRICE, WEIGHT, GMO, QUANT, R_NUM) VALUES("drink", "coke/sport","chilsung-cider",22, 3880, 3.6, FALSE, 5,5);
INSERT INTO ITEMS(CATEGORY_BIG, CATEGORY_SMALL, PNAME, PID, PRICE, WEIGHT, GMO, QUANT, R_NUM) VALUES("drink", "coke/sport","power-ade" ,23, 1850, 1.5, FALSE, 5,5);
INSERT INTO ITEMS(CATEGORY_BIG, CATEGORY_SMALL, PNAME, PID, PRICE, WEIGHT, GMO, QUANT, R_NUM) VALUES("drink", "coke/sport","sparkling time" ,24, 680, 1, FALSE, 5,5);
INSERT INTO ITEMS(CATEGORY_BIG, CATEGORY_SMALL, PNAME, PID, PRICE, WEIGHT, GMO, QUANT, R_NUM) VALUES("drink", "coke/sport","cider 1.5L" ,25, 980, 1.5, FALSE, 5,5);
INSERT INTO ITEMS(CATEGORY_BIG, CATEGORY_SMALL, PNAME, PID, PRICE, WEIGHT, GMO, QUANT, R_NUM) VALUES("drink", "water","mineral water" ,26, 3980, 10, FALSE, 5,5);
INSERT INTO ITEMS(CATEGORY_BIG, CATEGORY_SMALL, PNAME, PID, PRICE, WEIGHT, GMO, QUANT, R_NUM) VALUES("drink", "water","jeju samdasu" ,27, 7800, 0.33, FALSE, 250,5);
INSERT INTO ITEMS(CATEGORY_BIG, CATEGORY_SMALL, PNAME, PID, PRICE, WEIGHT, GMO, QUANT, R_NUM) VALUES("drink", "water","Isis8.0", 28, 9000, 6, FALSE, 170,5);
INSERT INTO ITEMS(CATEGORY_BIG, CATEGORY_SMALL, PNAME, PID, PRICE, WEIGHT, GMO, QUANT, R_NUM) VALUES("drink", "water","evian 500ml",29, 1080,  0.5, FALSE, 190,5);
INSERT INTO ITEMS(CATEGORY_BIG, CATEGORY_SMALL, PNAME, PID, PRICE, WEIGHT, GMO, QUANT, R_NUM) VALUES("drink", "water", "Perrier lemon",30, 3980, 1.32, FALSE, 200,5);
INSERT INTO ITEMS(CATEGORY_BIG, CATEGORY_SMALL, PNAME, PID, PRICE, WEIGHT, GMO, QUANT, R_NUM) VALUES("fruits", "apple/peer", "naju peer", 31,11900, NULL, FALSE,  30,5);
INSERT INTO ITEMS(CATEGORY_BIG, CATEGORY_SMALL, PNAME, PID, PRICE, WEIGHT, GMO, QUANT, R_NUM) VALUES("fruits", "apple/peer","NH apple", 32, 18800, 3, FALSE, 15,5);
INSERT INTO ITEMS(CATEGORY_BIG, CATEGORY_SMALL, PNAME, PID, PRICE, WEIGHT, GMO, QUANT, R_NUM) VALUES("fruits", "apple/pee","sunfruits" ,33, 9900, 3, FALSE, 20,5);
INSERT INTO ITEMS(CATEGORY_BIG, CATEGORY_SMALL, PNAME, PID, PRICE, WEIGHT, GMO, QUANT, R_NUM) VALUES("fruits", "apple/peer","mixgiftset",  34, 48900, NULL, FALSE, 20,5);
INSERT INTO ITEMS(CATEGORY_BIG, CATEGORY_SMALL, PNAME, PID, PRICE, WEIGHT, GMO, QUANT, R_NUM) VALUES("fruits", "apple/peer","najugoldenpeer", 35, 11800, 5, FALSE, 380,5);
INSERT INTO ITEMS(CATEGORY_BIG, CATEGORY_SMALL, PNAME, PID, PRICE, WEIGHT, GMO, QUANT, R_NUM) VALUES("fruits","bana/oran","eq-banana", 36, 2980, 1.3, FALSE, 50,5);
INSERT INTO ITEMS(CATEGORY_BIG, CATEGORY_SMALL, PNAME, PID, PRICE, WEIGHT, GMO, QUANT, R_NUM) VALUES("fruits","bana/oran","sa-orange", 37, 50900, 14.336, FALSE, 170,5);
INSERT INTO ITEMS(CATEGORY_BIG, CATEGORY_SMALL, PNAME, PID, PRICE, WEIGHT, GMO, QUANT, R_NUM) VALUES("fruits","bana/oran","green kiwi",38, 14900, 2, FALSE, 25,5);
INSERT INTO ITEMS(CATEGORY_BIG, CATEGORY_SMALL, PNAME, PID, PRICE, WEIGHT, GMO, QUANT, R_NUM) VALUES("fruits","bana/oran","avocado", 39, 1900, 0.4,  18,5);
INSERT INTO ITEMS(CATEGORY_BIG, CATEGORY_SMALL, PNAME, PID, PRICE, WEIGHT, GMO, QUANT, R_NUM) VALUES("fruits","bana/oran","ph-pineapple", 40, 13900, 1, FALSE, 12,5);
INSERT INTO ITEMS(CATEGORY_BIG, CATEGORY_SMALL, PNAME, PID, PRICE, WEIGHT, GMO, QUANT, R_NUM) VALUES("fruits", "Peanuts","grilled-amond", 41, 11800, 0.7, FALSE, 200,5);
INSERT INTO ITEMS(CATEGORY_BIG, CATEGORY_SMALL, PNAME, PID, PRICE, WEIGHT, GMO, QUANT, R_NUM) VALUES("fruits", "Peanuts","brazil-nut", 42, 13800, 0.44, FALSE, 50,5);
INSERT INTO ITEMS(CATEGORY_BIG, CATEGORY_SMALL, PNAME, PID, PRICE, WEIGHT, GMO, QUANT, R_NUM) VALUES("fruits", "Peanuts","as-acadamia", 43, 9800, 0.2, 5,5);
INSERT INTO ITEMS(CATEGORY_BIG, CATEGORY_SMALL, PNAME, PID, PRICE, WEIGHT, GMO, QUANT, R_NUM) VALUES("fruits", "Peanuts","mix-nut", 44, 9980, 0.8, FALSE, 5,5);
INSERT INTO ITEMS(CATEGORY_BIG, CATEGORY_SMALL, PNAME, PID, PRICE, WEIGHT, GMO, QUANT, R_NUM) VALUES("fruits", "Peanuts","honeybutter amond",  45, 6880, 0.25, FALSE, 14,5);
INSERT INTO ITEMS(CATEGORY_BIG, CATEGORY_SMALL, PNAME, PID, PRICE, WEIGHT, GMO, QUANT, R_NUM) VALUES("fruits", "Peanuts","as-acadamia", 46, 9800, 0.2, FALSE, 40,5);
INSERT INTO ITEMS(CATEGORY_BIG, CATEGORY_SMALL, PNAME, PID, PRICE, WEIGHT, GMO, QUANT, R_NUM) VALUES("fruits", "Peanuts","mix-nut", 47, 9980, 0.8, FALSE, 19,5);
INSERT INTO ITEMS(CATEGORY_BIG, CATEGORY_SMALL, PNAME, PID, PRICE, WEIGHT, GMO, QUANT, R_NUM) VALUES("fruits","bana/oran","avocado", 48, 1900, 0.4, FALSE, 5,5);
INSERT INTO ITEMS(CATEGORY_BIG, CATEGORY_SMALL, PNAME, PID, PRICE, WEIGHT, GMO, QUANT, R_NUM) VALUES("fruits", "apple/peer","goldenpeer", 49, 11800, 5, FALSE, 380,5);
INSERT INTO ITEMS(CATEGORY_BIG, CATEGORY_SMALL, PNAME, PID, PRICE, WEIGHT, GMO, QUANT, R_NUM) VALUES("meat","beef","korean-cow", 1, 38400, 0.1, FALSE, 150, 6);
INSERT INTO ITEMS(CATEGORY_BIG, CATEGORY_SMALL, PNAME, PID, PRICE, WEIGHT, GMO, QUANT, R_NUM) VALUES("meat", "beef","LAGalbi",2,  72800, 2, FALSE, 0, 6);
INSERT INTO ITEMS(CATEGORY_BIG, CATEGORY_SMALL, PNAME, PID, PRICE, WEIGHT, GMO, QUANT, R_NUM) VALUES("meat","beef","highquality-galbi", 3, 138900, 3, FALSE, 20, 6);
INSERT INTO ITEMS(CATEGORY_BIG, CATEGORY_SMALL, PNAME, PID, PRICE, WEIGHT, GMO, QUANT, R_NUM) VALUES("meat", "beef","korean-cow soup", 4, 3180, 0.5,  FALSE, 120, 6);
INSERT INTO ITEMS(CATEGORY_BIG, CATEGORY_SMALL, PNAME, PID, PRICE, WEIGHT, GMO, QUANT, R_NUM) VALUES("meat", "beef","seasoning steak", 5, 11600, 0.1, NULL, 100, 6);
INSERT INTO ITEMS(CATEGORY_BIG, CATEGORY_SMALL, PNAME, PID, PRICE, WEIGHT, GMO, QUANT, R_NUM) VALUES("meat", "hen/duck","chicken breast", 6, 5880, 1, FALSE, 130, 6);
INSERT INTO ITEMS(CATEGORY_BIG, CATEGORY_SMALL, PNAME, PID, PRICE, WEIGHT, GMO, QUANT, R_NUM) VALUES("meat", "hen/duck","duck meat",  7, 8980, 0.45, FALSE, 120, 6);
INSERT INTO ITEMS(CATEGORY_BIG, CATEGORY_SMALL, PNAME, PID, PRICE, WEIGHT, GMO, QUANT, R_NUM) VALUES("meat","hen/duck","spicy chicken leg", 8, 5480, 0.25, FALSE, 0, 6);
INSERT INTO ITEMS(CATEGORY_BIG, CATEGORY_SMALL, PNAME, PID, PRICE, WEIGHT, GMO, QUANT, R_NUM) VALUES("meat", "hen/duck","Local Chicken", 9, 9800, 1.05, FALSE, 3, 6);
INSERT INTO ITEMS(CATEGORY_BIG, CATEGORY_SMALL, PNAME, PID, PRICE, WEIGHT, GMO, QUANT, R_NUM) VALUES("meat", "hen/duck", "Sbteamed chicken", 10, 11800, 1.35, NULL, 3, 6);
INSERT INTO ITEMS(CATEGORY_BIG, CATEGORY_SMALL, PNAME, PID, PRICE, WEIGHT, GMO, QUANT, R_NUM) VALUES("meat", "eggs","egg30", 11, 5980, 1.6, NULL, 13, 6);
INSERT INTO ITEMS(CATEGORY_BIG, CATEGORY_SMALL, PNAME, PID, PRICE, WEIGHT, GMO, QUANT, R_NUM) VALUES("meat", "eggs","Quail eggs", 12, 3980, 0.27, NULL, 100, 6);
INSERT INTO ITEMS(CATEGORY_BIG, CATEGORY_SMALL, PNAME, PID, PRICE, WEIGHT, GMO, QUANT, R_NUM) VALUES("meat", "eggs","Yu jung ran", 13, 3980, 0.31, NULL, 5, 6);
INSERT INTO ITEMS(CATEGORY_BIG, CATEGORY_SMALL, PNAME, PID, PRICE, WEIGHT, GMO, QUANT, R_NUM) VALUES("meat", "eggs","Quail eggs", 14, 3890, 0.35, NULL, 150, 6);
INSERT INTO ITEMS(CATEGORY_BIG, CATEGORY_SMALL, PNAME, PID, PRICE, WEIGHT, GMO, QUANT, R_NUM) VALUES("meat", "eggs","golden eggs", 15, 4900, NULL,FALSE, 130, 6);
INSERT INTO ITEMS(CATEGORY_BIG, CATEGORY_SMALL, PNAME, PID, PRICE, WEIGHT, GMO, QUANT, R_NUM) VALUES("drink", "coffee","Sky barley", 16, 980, 1.5, FALSE, 0,6);
INSERT INTO ITEMS(CATEGORY_BIG, CATEGORY_SMALL, PNAME, PID, PRICE, WEIGHT, GMO, QUANT, R_NUM) VALUES("drink", "coffee","vita500" , 17, 10960, 2, FALSE, 0,6);
INSERT INTO ITEMS(CATEGORY_BIG, CATEGORY_SMALL, PNAME, PID, PRICE, WEIGHT, GMO, QUANT, R_NUM) VALUES("drink", "coffee", "TOP latte" ,18, 1680, 1,FALSE, 150,6);
INSERT INTO ITEMS(CATEGORY_BIG, CATEGORY_SMALL, PNAME, PID, PRICE, WEIGHT, GMO, QUANT, R_NUM) VALUES("drink", "coffee","cantata latte",19, 980, 1,FALSE, 160,6);
INSERT INTO ITEMS(CATEGORY_BIG, CATEGORY_SMALL, PNAME, PID, PRICE, WEIGHT, GMO, QUANT, R_NUM) VALUES("drink", "coffee","orangemango" ,20, 5280, 1, FALSE, 130,6);
INSERT INTO ITEMS(CATEGORY_BIG, CATEGORY_SMALL, PNAME, PID, PRICE, WEIGHT, GMO, QUANT, R_NUM) VALUES("drink", "coke/sport","coka coke" ,21, 2650, 1.5, FALSE, 140,6);
INSERT INTO ITEMS(CATEGORY_BIG, CATEGORY_SMALL, PNAME, PID, PRICE, WEIGHT, GMO, QUANT, R_NUM) VALUES("drink", "coke/sport","chilsung-cider",22, 3880, 3.6, FALSE, 1,6);
INSERT INTO ITEMS(CATEGORY_BIG, CATEGORY_SMALL, PNAME, PID, PRICE, WEIGHT, GMO, QUANT, R_NUM) VALUES("drink", "coke/sport","power-ade" ,23, 1850, 1.5, FALSE, 15,6);
INSERT INTO ITEMS(CATEGORY_BIG, CATEGORY_SMALL, PNAME, PID, PRICE, WEIGHT, GMO, QUANT, R_NUM) VALUES("drink", "coke/sport","sparkling time" ,24, 680, 1, FALSE, 130,6);
INSERT INTO ITEMS(CATEGORY_BIG, CATEGORY_SMALL, PNAME, PID, PRICE, WEIGHT, GMO, QUANT, R_NUM) VALUES("drink", "coke/sport","cider 1.5L" ,25, 980, 1.5, FALSE, 200,6);
INSERT INTO ITEMS(CATEGORY_BIG, CATEGORY_SMALL, PNAME, PID, PRICE, WEIGHT, GMO, QUANT, R_NUM) VALUES("drink", "water","mineral water" ,26, 3980, 10, FALSE, 200,6);
INSERT INTO ITEMS(CATEGORY_BIG, CATEGORY_SMALL, PNAME, PID, PRICE, WEIGHT, GMO, QUANT, R_NUM) VALUES("drink", "water","jeju samdasu" ,27, 7800, 0.33, FALSE, 250,6);
INSERT INTO ITEMS(CATEGORY_BIG, CATEGORY_SMALL, PNAME, PID, PRICE, WEIGHT, GMO, QUANT, R_NUM) VALUES("drink", "water","Isis8.0", 28, 9000, 6, FALSE, 17,6);
INSERT INTO ITEMS(CATEGORY_BIG, CATEGORY_SMALL, PNAME, PID, PRICE, WEIGHT, GMO, QUANT, R_NUM) VALUES("drink", "water","evian 500ml",29, 1080,  0.5, FALSE, 19,6);
INSERT INTO ITEMS(CATEGORY_BIG, CATEGORY_SMALL, PNAME, PID, PRICE, WEIGHT, GMO, QUANT, R_NUM) VALUES("drink", "water", "Perrier lemon",30, 3980, 1.32, FALSE, 20,6);
INSERT INTO ITEMS(CATEGORY_BIG, CATEGORY_SMALL, PNAME, PID, PRICE, WEIGHT, GMO, QUANT, R_NUM) VALUES("fruits", "apple/peer", "naju peer", 31,11900, NULL, FALSE,  30,6);
INSERT INTO ITEMS(CATEGORY_BIG, CATEGORY_SMALL, PNAME, PID, PRICE, WEIGHT, GMO, QUANT, R_NUM) VALUES("fruits", "apple/peer","NH apple", 32, 18800, 3, FALSE, 15,6);
INSERT INTO ITEMS(CATEGORY_BIG, CATEGORY_SMALL, PNAME, PID, PRICE, WEIGHT, GMO, QUANT, R_NUM) VALUES("fruits", "apple/pee","sunfruits" ,33, 9900, 3, FALSE, 20,6);
INSERT INTO ITEMS(CATEGORY_BIG, CATEGORY_SMALL, PNAME, PID, PRICE, WEIGHT, GMO, QUANT, R_NUM) VALUES("fruits", "apple/peer","mixgiftset",  34, 48900, NULL, FALSE, 5,6);
INSERT INTO ITEMS(CATEGORY_BIG, CATEGORY_SMALL, PNAME, PID, PRICE, WEIGHT, GMO, QUANT, R_NUM) VALUES("fruits", "apple/peer","najugoldenpeer", 35, 11800, 5, FALSE, 5,6);
INSERT INTO ITEMS(CATEGORY_BIG, CATEGORY_SMALL, PNAME, PID, PRICE, WEIGHT, GMO, QUANT, R_NUM) VALUES("fruits","bana/oran","eq-banana", 36, 2980, 1.3, FALSE, 5,6);
INSERT INTO ITEMS(CATEGORY_BIG, CATEGORY_SMALL, PNAME, PID, PRICE, WEIGHT, GMO, QUANT, R_NUM) VALUES("fruits","bana/oran","sa-orange", 37, 50900, 14.336, FALSE, 17,6);
INSERT INTO ITEMS(CATEGORY_BIG, CATEGORY_SMALL, PNAME, PID, PRICE, WEIGHT, GMO, QUANT, R_NUM) VALUES("fruits","bana/oran","green kiwi",38, 14900, 2, FALSE, 0,6);
INSERT INTO ITEMS(CATEGORY_BIG, CATEGORY_SMALL, PNAME, PID, PRICE, WEIGHT, GMO, QUANT, R_NUM) VALUES("fruits","bana/oran","avocado", 39, 1900, 0.4,  18,6);
INSERT INTO ITEMS(CATEGORY_BIG, CATEGORY_SMALL, PNAME, PID, PRICE, WEIGHT, GMO, QUANT, R_NUM) VALUES("fruits","bana/oran","ph-pineapple", 40, 13900, 1, FALSE, 5,6);
INSERT INTO ITEMS(CATEGORY_BIG, CATEGORY_SMALL, PNAME, PID, PRICE, WEIGHT, GMO, QUANT, R_NUM) VALUES("fruits", "Peanuts","grilled-amond", 41, 11800, 0.7, FALSE, 20,6);
INSERT INTO ITEMS(CATEGORY_BIG, CATEGORY_SMALL, PNAME, PID, PRICE, WEIGHT, GMO, QUANT, R_NUM) VALUES("fruits", "Peanuts","brazil-nut", 42, 13800, 0.44, FALSE, 50,6);
INSERT INTO ITEMS(CATEGORY_BIG, CATEGORY_SMALL, PNAME, PID, PRICE, WEIGHT, GMO, QUANT, R_NUM) VALUES("fruits", "Peanuts","as-acadamia", 43, 9800, 0.2, 40,6);
INSERT INTO ITEMS(CATEGORY_BIG, CATEGORY_SMALL, PNAME, PID, PRICE, WEIGHT, GMO, QUANT, R_NUM) VALUES("fruits", "Peanuts","mix-nut", 44, 9980, 0.8, FALSE, 0,6);
INSERT INTO ITEMS(CATEGORY_BIG, CATEGORY_SMALL, PNAME, PID, PRICE, WEIGHT, GMO, QUANT, R_NUM) VALUES("fruits", "Peanuts","honeybutter amond",  45, 6880, 0.25, FALSE, 150,6);
INSERT INTO ITEMS(CATEGORY_BIG, CATEGORY_SMALL, PNAME, PID, PRICE, WEIGHT, GMO, QUANT, R_NUM) VALUES("fruits", "Peanuts","as-acadamia", 46, 9800, 0.2, FALSE, 40,6);
INSERT INTO ITEMS(CATEGORY_BIG, CATEGORY_SMALL, PNAME, PID, PRICE, WEIGHT, GMO, QUANT, R_NUM) VALUES("fruits", "Peanuts","mix-nut", 47, 9980, 0.8, FALSE, 20,6);
INSERT INTO ITEMS(CATEGORY_BIG, CATEGORY_SMALL, PNAME, PID, PRICE, WEIGHT, GMO, QUANT, R_NUM) VALUES("fruits","bana/oran","avocado", 48, 1900, 0.4, FALSE, 180,6);
INSERT INTO ITEMS(CATEGORY_BIG, CATEGORY_SMALL, PNAME, PID, PRICE, WEIGHT, GMO, QUANT, R_NUM) VALUES("fruits", "apple/peer","goldenpeer", 49, 11800, 5, FALSE, 38,6);
INSERT INTO ITEMS(CATEGORY_BIG, CATEGORY_SMALL, PNAME, PID, PRICE, WEIGHT, GMO, QUANT, R_NUM) VALUES("meat","beef","korean-cow", 1, 38400, 0.1, FALSE, 15, 7);
INSERT INTO ITEMS(CATEGORY_BIG, CATEGORY_SMALL, PNAME, PID, PRICE, WEIGHT, GMO, QUANT, R_NUM) VALUES("meat", "beef","LAGalbi",2,  72800, 2, FALSE, 0, 7);
INSERT INTO ITEMS(CATEGORY_BIG, CATEGORY_SMALL, PNAME, PID, PRICE, WEIGHT, GMO, QUANT, R_NUM) VALUES("meat","beef","highquality-galbi", 3, 138900, 3, FALSE, 20, 7);
INSERT INTO ITEMS(CATEGORY_BIG, CATEGORY_SMALL, PNAME, PID, PRICE, WEIGHT, GMO, QUANT, R_NUM) VALUES("meat", "beef","korean-cow soup", 4, 3180, 0.5,  FALSE, 20, 7);
INSERT INTO ITEMS(CATEGORY_BIG, CATEGORY_SMALL, PNAME, PID, PRICE, WEIGHT, GMO, QUANT, R_NUM) VALUES("meat", "beef","seasoning steak", 5, 11600, 0.1, NULL, 100, 7);
INSERT INTO ITEMS(CATEGORY_BIG, CATEGORY_SMALL, PNAME, PID, PRICE, WEIGHT, GMO, QUANT, R_NUM) VALUES("meat", "hen/duck","chicken breast", 6, 5880, 1, FALSE, 30, 7);
INSERT INTO ITEMS(CATEGORY_BIG, CATEGORY_SMALL, PNAME, PID, PRICE, WEIGHT, GMO, QUANT, R_NUM) VALUES("meat", "hen/duck","duck meat",  7, 8980, 0.45, FALSE, 0, 7);
INSERT INTO ITEMS(CATEGORY_BIG, CATEGORY_SMALL, PNAME, PID, PRICE, WEIGHT, GMO, QUANT, R_NUM) VALUES("meat","hen/duck","spicy chicken leg", 8, 5480, 0.25, FALSE, 14, 7);
INSERT INTO ITEMS(CATEGORY_BIG, CATEGORY_SMALL, PNAME, PID, PRICE, WEIGHT, GMO, QUANT, R_NUM) VALUES("meat", "hen/duck","Local Chicken", 9, 9800, 1.05, FALSE, 120, 7);
INSERT INTO ITEMS(CATEGORY_BIG, CATEGORY_SMALL, PNAME, PID, PRICE, WEIGHT, GMO, QUANT, R_NUM) VALUES("meat", "hen/duck", "Sbteamed chicken", 10, 11800, 1.35, NULL, 130, 7);
INSERT INTO ITEMS(CATEGORY_BIG, CATEGORY_SMALL, PNAME, PID, PRICE, WEIGHT, GMO, QUANT, R_NUM) VALUES("meat", "eggs","egg30", 11, 5980, 1.6, NULL, 13, 7);
INSERT INTO ITEMS(CATEGORY_BIG, CATEGORY_SMALL, PNAME, PID, PRICE, WEIGHT, GMO, QUANT, R_NUM) VALUES("meat", "eggs","Quail eggs", 12, 3980, 0.27, NULL, 100, 7);
INSERT INTO ITEMS(CATEGORY_BIG, CATEGORY_SMALL, PNAME, PID, PRICE, WEIGHT, GMO, QUANT, R_NUM) VALUES("meat", "eggs","Yu jung ran", 13, 3980, 0.31, NULL, 100, 7);
INSERT INTO ITEMS(CATEGORY_BIG, CATEGORY_SMALL, PNAME, PID, PRICE, WEIGHT, GMO, QUANT, R_NUM) VALUES("meat", "eggs","Quail eggs", 14, 3890, 0.35, NULL, 150, 7);
INSERT INTO ITEMS(CATEGORY_BIG, CATEGORY_SMALL, PNAME, PID, PRICE, WEIGHT, GMO, QUANT, R_NUM) VALUES("meat", "eggs","golden eggs", 15, 4900, NULL,FALSE, 130, 7);
INSERT INTO ITEMS(CATEGORY_BIG, CATEGORY_SMALL, PNAME, PID, PRICE, WEIGHT, GMO, QUANT, R_NUM) VALUES("drink", "coffee","Sky barley", 16, 980, 1.5, FALSE, 11,7);
INSERT INTO ITEMS(CATEGORY_BIG, CATEGORY_SMALL, PNAME, PID, PRICE, WEIGHT, GMO, QUANT, R_NUM) VALUES("drink", "coffee","vita500" , 17, 10960, 2, FALSE, 0,7);
INSERT INTO ITEMS(CATEGORY_BIG, CATEGORY_SMALL, PNAME, PID, PRICE, WEIGHT, GMO, QUANT, R_NUM) VALUES("drink", "coffee", "TOP latte" ,18, 1680, 1,FALSE, 150,7);
INSERT INTO ITEMS(CATEGORY_BIG, CATEGORY_SMALL, PNAME, PID, PRICE, WEIGHT, GMO, QUANT, R_NUM) VALUES("drink", "coffee","cantata latte",19, 980, 1,FALSE, 5,7);
INSERT INTO ITEMS(CATEGORY_BIG, CATEGORY_SMALL, PNAME, PID, PRICE, WEIGHT, GMO, QUANT, R_NUM) VALUES("drink", "coffee","orangemango" ,20, 5280, 1, FALSE, 5,7);
INSERT INTO ITEMS(CATEGORY_BIG, CATEGORY_SMALL, PNAME, PID, PRICE, WEIGHT, GMO, QUANT, R_NUM) VALUES("drink", "coke/sport","coka coke" ,21, 2650, 1.5, FALSE, 5,7);
INSERT INTO ITEMS(CATEGORY_BIG, CATEGORY_SMALL, PNAME, PID, PRICE, WEIGHT, GMO, QUANT, R_NUM) VALUES("drink", "coke/sport","chilsung-cider",22, 3880, 3.6, FALSE, 5,7);
INSERT INTO ITEMS(CATEGORY_BIG, CATEGORY_SMALL, PNAME, PID, PRICE, WEIGHT, GMO, QUANT, R_NUM) VALUES("drink", "coke/sport","power-ade" ,23, 1850, 1.5, FALSE, 5,7);
INSERT INTO ITEMS(CATEGORY_BIG, CATEGORY_SMALL, PNAME, PID, PRICE, WEIGHT, GMO, QUANT, R_NUM) VALUES("drink", "coke/sport","sparkling time" ,24, 680, 1, FALSE, 130,7);
INSERT INTO ITEMS(CATEGORY_BIG, CATEGORY_SMALL, PNAME, PID, PRICE, WEIGHT, GMO, QUANT, R_NUM) VALUES("drink", "coke/sport","cider 1.5L" ,25, 980, 1.5, FALSE, 200,7);
INSERT INTO ITEMS(CATEGORY_BIG, CATEGORY_SMALL, PNAME, PID, PRICE, WEIGHT, GMO, QUANT, R_NUM) VALUES("drink", "water","mineral water" ,26, 3980, 10, FALSE, 200,7);
INSERT INTO ITEMS(CATEGORY_BIG, CATEGORY_SMALL, PNAME, PID, PRICE, WEIGHT, GMO, QUANT, R_NUM) VALUES("drink", "water","jeju samdasu" ,27, 7800, 0.33, FALSE, 250,7);
INSERT INTO ITEMS(CATEGORY_BIG, CATEGORY_SMALL, PNAME, PID, PRICE, WEIGHT, GMO, QUANT, R_NUM) VALUES("drink", "water","Isis8.0", 28, 9000, 6, FALSE, 170,7);
INSERT INTO ITEMS(CATEGORY_BIG, CATEGORY_SMALL, PNAME, PID, PRICE, WEIGHT, GMO, QUANT, R_NUM) VALUES("drink", "water","evian 500ml",29, 1080,  0.5, FALSE, 190,7);
INSERT INTO ITEMS(CATEGORY_BIG, CATEGORY_SMALL, PNAME, PID, PRICE, WEIGHT, GMO, QUANT, R_NUM) VALUES("drink", "water", "Perrier lemon",30, 3980, 1.32, FALSE, 20,7);
INSERT INTO ITEMS(CATEGORY_BIG, CATEGORY_SMALL, PNAME, PID, PRICE, WEIGHT, GMO, QUANT, R_NUM) VALUES("fruits", "apple/peer", "naju peer", 31,11900, NULL, FALSE,  30,7);
INSERT INTO ITEMS(CATEGORY_BIG, CATEGORY_SMALL, PNAME, PID, PRICE, WEIGHT, GMO, QUANT, R_NUM) VALUES("fruits", "apple/peer","NH apple", 32, 18800, 3, FALSE, 150,7);
INSERT INTO ITEMS(CATEGORY_BIG, CATEGORY_SMALL, PNAME, PID, PRICE, WEIGHT, GMO, QUANT, R_NUM) VALUES("fruits", "apple/pee","sunfruits" ,33, 9900, 3, FALSE, 200,7);
INSERT INTO ITEMS(CATEGORY_BIG, CATEGORY_SMALL, PNAME, PID, PRICE, WEIGHT, GMO, QUANT, R_NUM) VALUES("fruits", "apple/peer","mixgiftset",  34, 48900, NULL, FALSE, 200,7);
INSERT INTO ITEMS(CATEGORY_BIG, CATEGORY_SMALL, PNAME, PID, PRICE, WEIGHT, GMO, QUANT, R_NUM) VALUES("fruits", "apple/peer","najugoldenpeer", 35, 11800, 5, FALSE, 380,7);
INSERT INTO ITEMS(CATEGORY_BIG, CATEGORY_SMALL, PNAME, PID, PRICE, WEIGHT, GMO, QUANT, R_NUM) VALUES("fruits","bana/oran","eq-banana", 36, 2980, 1.3, FALSE, 5,7);
INSERT INTO ITEMS(CATEGORY_BIG, CATEGORY_SMALL, PNAME, PID, PRICE, WEIGHT, GMO, QUANT, R_NUM) VALUES("fruits","bana/oran","sa-orange", 37, 50900, 14.336, FALSE, 170,7);
INSERT INTO ITEMS(CATEGORY_BIG, CATEGORY_SMALL, PNAME, PID, PRICE, WEIGHT, GMO, QUANT, R_NUM) VALUES("fruits","bana/oran","green kiwi",38, 14900, 2, FALSE, 25,7);
INSERT INTO ITEMS(CATEGORY_BIG, CATEGORY_SMALL, PNAME, PID, PRICE, WEIGHT, GMO, QUANT, R_NUM) VALUES("fruits","bana/oran","avocado", 39, 1900, 0.4,  18,7);
INSERT INTO ITEMS(CATEGORY_BIG, CATEGORY_SMALL, PNAME, PID, PRICE, WEIGHT, GMO, QUANT, R_NUM) VALUES("fruits","bana/oran","ph-pineapple", 40, 13900, 1, FALSE, 0,7);
INSERT INTO ITEMS(CATEGORY_BIG, CATEGORY_SMALL, PNAME, PID, PRICE, WEIGHT, GMO, QUANT, R_NUM) VALUES("fruits", "Peanuts","grilled-amond", 41, 11800, 0.7, FALSE, 200,7);
INSERT INTO ITEMS(CATEGORY_BIG, CATEGORY_SMALL, PNAME, PID, PRICE, WEIGHT, GMO, QUANT, R_NUM) VALUES("fruits", "Peanuts","brazil-nut", 42, 13800, 0.44, FALSE, 50,7);
INSERT INTO ITEMS(CATEGORY_BIG, CATEGORY_SMALL, PNAME, PID, PRICE, WEIGHT, GMO, QUANT, R_NUM) VALUES("fruits", "Peanuts","as-acadamia", 43, 9800, 0.2, 40,7);
INSERT INTO ITEMS(CATEGORY_BIG, CATEGORY_SMALL, PNAME, PID, PRICE, WEIGHT, GMO, QUANT, R_NUM) VALUES("fruits", "Peanuts","mix-nut", 44, 9980, 0.8, FALSE, 19,7);
INSERT INTO ITEMS(CATEGORY_BIG, CATEGORY_SMALL, PNAME, PID, PRICE, WEIGHT, GMO, QUANT, R_NUM) VALUES("fruits", "Peanuts","honeybutter amond",  45, 6880, 0.25, FALSE, 14,7);
INSERT INTO ITEMS(CATEGORY_BIG, CATEGORY_SMALL, PNAME, PID, PRICE, WEIGHT, GMO, QUANT, R_NUM) VALUES("fruits", "Peanuts","as-acadamia", 46, 9800, 0.2, FALSE, 40,7);
INSERT INTO ITEMS(CATEGORY_BIG, CATEGORY_SMALL, PNAME, PID, PRICE, WEIGHT, GMO, QUANT, R_NUM) VALUES("fruits", "Peanuts","mix-nut", 47, 9980, 0.8, FALSE, 19,7);
INSERT INTO ITEMS(CATEGORY_BIG, CATEGORY_SMALL, PNAME, PID, PRICE, WEIGHT, GMO, QUANT, R_NUM) VALUES("fruits","bana/oran","avocado", 48, 1900, 0.4, FALSE, 18,7);
INSERT INTO ITEMS(CATEGORY_BIG, CATEGORY_SMALL, PNAME, PID, PRICE, WEIGHT, GMO, QUANT, R_NUM) VALUES("fruits", "apple/peer","goldenpeer", 49, 11800, 5, FALSE, 38,7);
INSERT INTO ITEMS(CATEGORY_BIG, CATEGORY_SMALL, PNAME, PID, PRICE, WEIGHT, GMO, QUANT, R_NUM) VALUES("meat","beef","korean-cow", 1, 38400, 0.1, FALSE, 15, 8);
INSERT INTO ITEMS(CATEGORY_BIG, CATEGORY_SMALL, PNAME, PID, PRICE, WEIGHT, GMO, QUANT, R_NUM) VALUES("meat", "beef","LAGalbi",2,  72800, 2, FALSE, 0, 8);
INSERT INTO ITEMS(CATEGORY_BIG, CATEGORY_SMALL, PNAME, PID, PRICE, WEIGHT, GMO, QUANT, R_NUM) VALUES("meat","beef","highquality-galbi", 3, 138900, 3, FALSE, 20, 8);
INSERT INTO ITEMS(CATEGORY_BIG, CATEGORY_SMALL, PNAME, PID, PRICE, WEIGHT, GMO, QUANT, R_NUM) VALUES("meat", "beef","korean-cow soup", 4, 3180, 0.5,  FALSE, 20, 8);
INSERT INTO ITEMS(CATEGORY_BIG, CATEGORY_SMALL, PNAME, PID, PRICE, WEIGHT, GMO, QUANT, R_NUM) VALUES("meat", "beef","seasoning steak", 5, 11600, 0.1, NULL, 100, 8);
INSERT INTO ITEMS(CATEGORY_BIG, CATEGORY_SMALL, PNAME, PID, PRICE, WEIGHT, GMO, QUANT, R_NUM) VALUES("meat", "hen/duck","chicken breast", 6, 5880, 1, FALSE, 30, 8);
INSERT INTO ITEMS(CATEGORY_BIG, CATEGORY_SMALL, PNAME, PID, PRICE, WEIGHT, GMO, QUANT, R_NUM) VALUES("meat", "hen/duck","duck meat",  7, 8980, 0.45, FALSE, 12, 8);
INSERT INTO ITEMS(CATEGORY_BIG, CATEGORY_SMALL, PNAME, PID, PRICE, WEIGHT, GMO, QUANT, R_NUM) VALUES("meat","hen/duck","spicy chicken leg", 8, 5480, 0.25, FALSE, 14, 8);
INSERT INTO ITEMS(CATEGORY_BIG, CATEGORY_SMALL, PNAME, PID, PRICE, WEIGHT, GMO, QUANT, R_NUM) VALUES("meat", "hen/duck","Local Chicken", 9, 9800, 1.05, FALSE, 120, 8);
INSERT INTO ITEMS(CATEGORY_BIG, CATEGORY_SMALL, PNAME, PID, PRICE, WEIGHT, GMO, QUANT, R_NUM) VALUES("meat", "hen/duck", "Sbteamed chicken", 10, 11800, 1.35, NULL, 137, 8);
INSERT INTO ITEMS(CATEGORY_BIG, CATEGORY_SMALL, PNAME, PID, PRICE, WEIGHT, GMO, QUANT, R_NUM) VALUES("meat", "eggs","egg30", 11, 5980, 1.6, NULL, 13, 8);
INSERT INTO ITEMS(CATEGORY_BIG, CATEGORY_SMALL, PNAME, PID, PRICE, WEIGHT, GMO, QUANT, R_NUM) VALUES("meat", "eggs","Quail eggs", 12, 3980, 0.27, NULL, 10, 8);
INSERT INTO ITEMS(CATEGORY_BIG, CATEGORY_SMALL, PNAME, PID, PRICE, WEIGHT, GMO, QUANT, R_NUM) VALUES("meat", "eggs","Yu jung ran", 13, 3980, 0.31, NULL, 0, 8);
INSERT INTO ITEMS(CATEGORY_BIG, CATEGORY_SMALL, PNAME, PID, PRICE, WEIGHT, GMO, QUANT, R_NUM) VALUES("meat", "eggs","Quail eggs", 14, 3890, 0.35, NULL, 15, 8);
INSERT INTO ITEMS(CATEGORY_BIG, CATEGORY_SMALL, PNAME, PID, PRICE, WEIGHT, GMO, QUANT, R_NUM) VALUES("meat", "eggs","golden eggs", 15, 4900, NULL,FALSE, 0, 8);
INSERT INTO ITEMS(CATEGORY_BIG, CATEGORY_SMALL, PNAME, PID, PRICE, WEIGHT, GMO, QUANT, R_NUM) VALUES("drink", "coffee","Sky barley", 16, 980, 1.5, FALSE, 0,8);
INSERT INTO ITEMS(CATEGORY_BIG, CATEGORY_SMALL, PNAME, PID, PRICE, WEIGHT, GMO, QUANT, R_NUM) VALUES("drink", "coffee","vita500" , 17, 10960, 2, FALSE, 0,8);
INSERT INTO ITEMS(CATEGORY_BIG, CATEGORY_SMALL, PNAME, PID, PRICE, WEIGHT, GMO, QUANT, R_NUM) VALUES("drink", "coffee", "TOP latte" ,18, 1680, 1,FALSE, 15,8);
INSERT INTO ITEMS(CATEGORY_BIG, CATEGORY_SMALL, PNAME, PID, PRICE, WEIGHT, GMO, QUANT, R_NUM) VALUES("drink", "coffee","cantata latte",19, 980, 1,FALSE, 160,8);
INSERT INTO ITEMS(CATEGORY_BIG, CATEGORY_SMALL, PNAME, PID, PRICE, WEIGHT, GMO, QUANT, R_NUM) VALUES("drink", "coffee","orangemango" ,20, 5280, 1, FALSE, 130,8);
INSERT INTO ITEMS(CATEGORY_BIG, CATEGORY_SMALL, PNAME, PID, PRICE, WEIGHT, GMO, QUANT, R_NUM) VALUES("drink", "coke/sport","coka coke" ,21, 2650, 1.5, FALSE, 140,8);
INSERT INTO ITEMS(CATEGORY_BIG, CATEGORY_SMALL, PNAME, PID, PRICE, WEIGHT, GMO, QUANT, R_NUM) VALUES("drink", "coke/sport","chilsung-cider",22, 3880, 3.6, FALSE, 110,8);
INSERT INTO ITEMS(CATEGORY_BIG, CATEGORY_SMALL, PNAME, PID, PRICE, WEIGHT, GMO, QUANT, R_NUM) VALUES("drink", "coke/sport","power-ade" ,23, 1850, 1.5, FALSE, 14,8);
INSERT INTO ITEMS(CATEGORY_BIG, CATEGORY_SMALL, PNAME, PID, PRICE, WEIGHT, GMO, QUANT, R_NUM) VALUES("drink", "coke/sport","sparkling time" ,24, 680, 1, FALSE, 13,8);
INSERT INTO ITEMS(CATEGORY_BIG, CATEGORY_SMALL, PNAME, PID, PRICE, WEIGHT, GMO, QUANT, R_NUM) VALUES("drink", "coke/sport","cider 1.5L" ,25, 980, 1.5, FALSE, 20,8);
INSERT INTO ITEMS(CATEGORY_BIG, CATEGORY_SMALL, PNAME, PID, PRICE, WEIGHT, GMO, QUANT, R_NUM) VALUES("drink", "water","mineral water" ,26, 3980, 10, FALSE, 20,8);
INSERT INTO ITEMS(CATEGORY_BIG, CATEGORY_SMALL, PNAME, PID, PRICE, WEIGHT, GMO, QUANT, R_NUM) VALUES("drink", "water","jeju samdasu" ,27, 7800, 0.33, FALSE, 25,8);
INSERT INTO ITEMS(CATEGORY_BIG, CATEGORY_SMALL, PNAME, PID, PRICE, WEIGHT, GMO, QUANT, R_NUM) VALUES("drink", "water","Isis8.0", 28, 9000, 6, FALSE, 17,8);
INSERT INTO ITEMS(CATEGORY_BIG, CATEGORY_SMALL, PNAME, PID, PRICE, WEIGHT, GMO, QUANT, R_NUM) VALUES("drink", "water","evian 500ml",29, 1080,  0.5, FALSE, 190,8);
INSERT INTO ITEMS(CATEGORY_BIG, CATEGORY_SMALL, PNAME, PID, PRICE, WEIGHT, GMO, QUANT, R_NUM) VALUES("drink", "water", "Perrier lemon",30, 3980, 1.32, FALSE, 20,8);
INSERT INTO ITEMS(CATEGORY_BIG, CATEGORY_SMALL, PNAME, PID, PRICE, WEIGHT, GMO, QUANT, R_NUM) VALUES("fruits", "apple/peer", "naju peer", 31,11900, NULL, FALSE,  30,8);
INSERT INTO ITEMS(CATEGORY_BIG, CATEGORY_SMALL, PNAME, PID, PRICE, WEIGHT, GMO, QUANT, R_NUM) VALUES("fruits", "apple/peer","NH apple", 32, 18800, 3, FALSE, 150,8);
INSERT INTO ITEMS(CATEGORY_BIG, CATEGORY_SMALL, PNAME, PID, PRICE, WEIGHT, GMO, QUANT, R_NUM) VALUES("fruits", "apple/pee","sunfruits" ,33, 9900, 3, FALSE, 20,8);
INSERT INTO ITEMS(CATEGORY_BIG, CATEGORY_SMALL, PNAME, PID, PRICE, WEIGHT, GMO, QUANT, R_NUM) VALUES("fruits", "apple/peer","mixgiftset",  34, 48900, NULL, FALSE, 20,8);
INSERT INTO ITEMS(CATEGORY_BIG, CATEGORY_SMALL, PNAME, PID, PRICE, WEIGHT, GMO, QUANT, R_NUM) VALUES("fruits", "apple/peer","najugoldenpeer", 35, 11800, 5, FALSE, 38,8);
INSERT INTO ITEMS(CATEGORY_BIG, CATEGORY_SMALL, PNAME, PID, PRICE, WEIGHT, GMO, QUANT, R_NUM) VALUES("fruits","bana/oran","eq-banana", 36, 2980, 1.3, FALSE, 5,8);
INSERT INTO ITEMS(CATEGORY_BIG, CATEGORY_SMALL, PNAME, PID, PRICE, WEIGHT, GMO, QUANT, R_NUM) VALUES("fruits","bana/oran","sa-orange", 37, 50900, 14.336, FALSE, 17,8);
INSERT INTO ITEMS(CATEGORY_BIG, CATEGORY_SMALL, PNAME, PID, PRICE, WEIGHT, GMO, QUANT, R_NUM) VALUES("fruits","bana/oran","green kiwi",38, 14900, 2, FALSE, 25,8);
INSERT INTO ITEMS(CATEGORY_BIG, CATEGORY_SMALL, PNAME, PID, PRICE, WEIGHT, GMO, QUANT, R_NUM) VALUES("fruits","bana/oran","avocado", 39, 1900, 0.4,  18,8);
INSERT INTO ITEMS(CATEGORY_BIG, CATEGORY_SMALL, PNAME, PID, PRICE, WEIGHT, GMO, QUANT, R_NUM) VALUES("fruits","bana/oran","ph-pineapple", 40, 13900, 1, FALSE, 120,8);
INSERT INTO ITEMS(CATEGORY_BIG, CATEGORY_SMALL, PNAME, PID, PRICE, WEIGHT, GMO, QUANT, R_NUM) VALUES("fruits", "Peanuts","grilled-amond", 41, 11800, 0.7, FALSE, 20,8);
INSERT INTO ITEMS(CATEGORY_BIG, CATEGORY_SMALL, PNAME, PID, PRICE, WEIGHT, GMO, QUANT, R_NUM) VALUES("fruits", "Peanuts","brazil-nut", 42, 13800, 0.44, FALSE, 500,8);
INSERT INTO ITEMS(CATEGORY_BIG, CATEGORY_SMALL, PNAME, PID, PRICE, WEIGHT, GMO, QUANT, R_NUM) VALUES("fruits", "Peanuts","as-acadamia", 43, 9800, 0.2, 40,8);
INSERT INTO ITEMS(CATEGORY_BIG, CATEGORY_SMALL, PNAME, PID, PRICE, WEIGHT, GMO, QUANT, R_NUM) VALUES("fruits", "Peanuts","mix-nut", 44, 9980, 0.8, FALSE, 19,8);
INSERT INTO ITEMS(CATEGORY_BIG, CATEGORY_SMALL, PNAME, PID, PRICE, WEIGHT, GMO, QUANT, R_NUM) VALUES("fruits", "Peanuts","honeybutter amond",  45, 6880, 0.25, FALSE, 14,8);
INSERT INTO ITEMS(CATEGORY_BIG, CATEGORY_SMALL, PNAME, PID, PRICE, WEIGHT, GMO, QUANT, R_NUM) VALUES("fruits", "Peanuts","as-acadamia", 46, 9800, 0.2, FALSE, 40,8);
INSERT INTO ITEMS(CATEGORY_BIG, CATEGORY_SMALL, PNAME, PID, PRICE, WEIGHT, GMO, QUANT, R_NUM) VALUES("fruits", "Peanuts","mix-nut", 47, 9980, 0.8, FALSE, 190,8);
INSERT INTO ITEMS(CATEGORY_BIG, CATEGORY_SMALL, PNAME, PID, PRICE, WEIGHT, GMO, QUANT, R_NUM) VALUES("fruits","bana/oran","avocado", 48, 1900, 0.4, FALSE, 18,8);
INSERT INTO ITEMS(CATEGORY_BIG, CATEGORY_SMALL, PNAME, PID, PRICE, WEIGHT, GMO, QUANT, R_NUM) VALUES("fruits", "apple/peer","goldenpeer", 49, 11800, 5, FALSE, 38,8);
INSERT INTO ITEMS(CATEGORY_BIG, CATEGORY_SMALL, PNAME, PID, PRICE, WEIGHT, GMO, QUANT, R_NUM) VALUES("meat","beef","korean-cow", 1, 38400, 0.1, FALSE, 150, 9);
INSERT INTO ITEMS(CATEGORY_BIG, CATEGORY_SMALL, PNAME, PID, PRICE, WEIGHT, GMO, QUANT, R_NUM) VALUES("meat", "beef","LAGalbi",2,  72800, 2, FALSE, 0, 9);
INSERT INTO ITEMS(CATEGORY_BIG, CATEGORY_SMALL, PNAME, PID, PRICE, WEIGHT, GMO, QUANT, R_NUM) VALUES("meat","beef","highquality-galbi", 3, 138900, 3, FALSE, 20, 9);
INSERT INTO ITEMS(CATEGORY_BIG, CATEGORY_SMALL, PNAME, PID, PRICE, WEIGHT, GMO, QUANT, R_NUM) VALUES("meat", "beef","korean-cow soup", 4, 3180, 0.5,  FALSE, 20, 9);
INSERT INTO ITEMS(CATEGORY_BIG, CATEGORY_SMALL, PNAME, PID, PRICE, WEIGHT, GMO, QUANT, R_NUM) VALUES("meat", "beef","seasoning steak", 5, 11600, 0.1, NULL, 100, 9);
INSERT INTO ITEMS(CATEGORY_BIG, CATEGORY_SMALL, PNAME, PID, PRICE, WEIGHT, GMO, QUANT, R_NUM) VALUES("meat", "hen/duck","chicken breast", 6, 5880, 1, FALSE, 300, 9);
INSERT INTO ITEMS(CATEGORY_BIG, CATEGORY_SMALL, PNAME, PID, PRICE, WEIGHT, GMO, QUANT, R_NUM) VALUES("meat", "hen/duck","duck meat",  7, 8980, 0.45, FALSE, 12, 9);
INSERT INTO ITEMS(CATEGORY_BIG, CATEGORY_SMALL, PNAME, PID, PRICE, WEIGHT, GMO, QUANT, R_NUM) VALUES("meat","hen/duck","spicy chicken leg", 8, 5480, 0.25, FALSE, 14, 9);
INSERT INTO ITEMS(CATEGORY_BIG, CATEGORY_SMALL, PNAME, PID, PRICE, WEIGHT, GMO, QUANT, R_NUM) VALUES("meat", "hen/duck","Local Chicken", 9, 9800, 1.05, FALSE, 120, 9);
INSERT INTO ITEMS(CATEGORY_BIG, CATEGORY_SMALL, PNAME, PID, PRICE, WEIGHT, GMO, QUANT, R_NUM) VALUES("meat", "hen/duck", "Sbteamed chicken", 10, 11800, 1.35, NULL, 137, 9);
INSERT INTO ITEMS(CATEGORY_BIG, CATEGORY_SMALL, PNAME, PID, PRICE, WEIGHT, GMO, QUANT, R_NUM) VALUES("meat", "eggs","egg30", 11, 5980, 1.6, NULL, 13, 9);
INSERT INTO ITEMS(CATEGORY_BIG, CATEGORY_SMALL, PNAME, PID, PRICE, WEIGHT, GMO, QUANT, R_NUM) VALUES("meat", "eggs","Quail eggs", 12, 3980, 0.27, NULL, 100, 9);
INSERT INTO ITEMS(CATEGORY_BIG, CATEGORY_SMALL, PNAME, PID, PRICE, WEIGHT, GMO, QUANT, R_NUM) VALUES("meat", "eggs","Yu jung ran", 13, 3980, 0.31, NULL, 70, 9);
INSERT INTO ITEMS(CATEGORY_BIG, CATEGORY_SMALL, PNAME, PID, PRICE, WEIGHT, GMO, QUANT, R_NUM) VALUES("meat", "eggs","Quail eggs", 14, 3890, 0.35, NULL, 15, 9);
INSERT INTO ITEMS(CATEGORY_BIG, CATEGORY_SMALL, PNAME, PID, PRICE, WEIGHT, GMO, QUANT, R_NUM) VALUES("meat", "eggs","golden eggs", 15, 4900, NULL,FALSE, 130, 9);
INSERT INTO ITEMS(CATEGORY_BIG, CATEGORY_SMALL, PNAME, PID, PRICE, WEIGHT, GMO, QUANT, R_NUM) VALUES("drink", "coffee","Sky barley", 16, 980, 1.5, FALSE, 5,9);
INSERT INTO ITEMS(CATEGORY_BIG, CATEGORY_SMALL, PNAME, PID, PRICE, WEIGHT, GMO, QUANT, R_NUM) VALUES("drink", "coffee","vita500" , 17, 10960, 2, FALSE, 0,9);
INSERT INTO ITEMS(CATEGORY_BIG, CATEGORY_SMALL, PNAME, PID, PRICE, WEIGHT, GMO, QUANT, R_NUM) VALUES("drink", "coffee", "TOP latte" ,18, 1680, 1,FALSE, 5,9);
INSERT INTO ITEMS(CATEGORY_BIG, CATEGORY_SMALL, PNAME, PID, PRICE, WEIGHT, GMO, QUANT, R_NUM) VALUES("drink", "coffee","cantata latte",19, 980, 1,FALSE, 5,9);
INSERT INTO ITEMS(CATEGORY_BIG, CATEGORY_SMALL, PNAME, PID, PRICE, WEIGHT, GMO, QUANT, R_NUM) VALUES("drink", "coffee","orangemango" ,20, 5280, 1, FALSE, 5,9);
INSERT INTO ITEMS(CATEGORY_BIG, CATEGORY_SMALL, PNAME, PID, PRICE, WEIGHT, GMO, QUANT, R_NUM) VALUES("drink", "coke/sport","coka coke" ,21, 2650, 1.5, FALSE, 14,9);
INSERT INTO ITEMS(CATEGORY_BIG, CATEGORY_SMALL, PNAME, PID, PRICE, WEIGHT, GMO, QUANT, R_NUM) VALUES("drink", "coke/sport","chilsung-cider",22, 3880, 3.6, FALSE, 11,9);
INSERT INTO ITEMS(CATEGORY_BIG, CATEGORY_SMALL, PNAME, PID, PRICE, WEIGHT, GMO, QUANT, R_NUM) VALUES("drink", "coke/sport","power-ade" ,23, 1850, 1.5, FALSE, 14,9);
INSERT INTO ITEMS(CATEGORY_BIG, CATEGORY_SMALL, PNAME, PID, PRICE, WEIGHT, GMO, QUANT, R_NUM) VALUES("drink", "coke/sport","sparkling time" ,24, 680, 1, FALSE, 13,9);
INSERT INTO ITEMS(CATEGORY_BIG, CATEGORY_SMALL, PNAME, PID, PRICE, WEIGHT, GMO, QUANT, R_NUM) VALUES("drink", "coke/sport","cider 1.5L" ,25, 980, 1.5, FALSE, 20,9);
INSERT INTO ITEMS(CATEGORY_BIG, CATEGORY_SMALL, PNAME, PID, PRICE, WEIGHT, GMO, QUANT, R_NUM) VALUES("drink", "water","mineral water" ,26, 3980, 10, FALSE, 20,9);
INSERT INTO ITEMS(CATEGORY_BIG, CATEGORY_SMALL, PNAME, PID, PRICE, WEIGHT, GMO, QUANT, R_NUM) VALUES("drink", "water","jeju samdasu" ,27, 7800, 0.33, FALSE, 5,9);
INSERT INTO ITEMS(CATEGORY_BIG, CATEGORY_SMALL, PNAME, PID, PRICE, WEIGHT, GMO, QUANT, R_NUM) VALUES("drink", "water","Isis8.0", 28, 9000, 6, FALSE, 17,9);
INSERT INTO ITEMS(CATEGORY_BIG, CATEGORY_SMALL, PNAME, PID, PRICE, WEIGHT, GMO, QUANT, R_NUM) VALUES("drink", "water","evian 500ml",29, 1080,  0.5, FALSE, 5,9);
INSERT INTO ITEMS(CATEGORY_BIG, CATEGORY_SMALL, PNAME, PID, PRICE, WEIGHT, GMO, QUANT, R_NUM) VALUES("drink", "water", "Perrier lemon",30, 3980, 1.32, FALSE, 20,9);
INSERT INTO ITEMS(CATEGORY_BIG, CATEGORY_SMALL, PNAME, PID, PRICE, WEIGHT, GMO, QUANT, R_NUM) VALUES("fruits", "apple/peer", "naju peer", 31,11900, NULL, FALSE,  30,9);
INSERT INTO ITEMS(CATEGORY_BIG, CATEGORY_SMALL, PNAME, PID, PRICE, WEIGHT, GMO, QUANT, R_NUM) VALUES("fruits", "apple/peer","NH apple", 32, 18800, 3, FALSE, 15,9);
INSERT INTO ITEMS(CATEGORY_BIG, CATEGORY_SMALL, PNAME, PID, PRICE, WEIGHT, GMO, QUANT, R_NUM) VALUES("fruits", "apple/pee","sunfruits" ,33, 9900, 3, FALSE, 20,9);
INSERT INTO ITEMS(CATEGORY_BIG, CATEGORY_SMALL, PNAME, PID, PRICE, WEIGHT, GMO, QUANT, R_NUM) VALUES("fruits", "apple/peer","mixgiftset",  34, 48900, NULL, FALSE, 5,9);
INSERT INTO ITEMS(CATEGORY_BIG, CATEGORY_SMALL, PNAME, PID, PRICE, WEIGHT, GMO, QUANT, R_NUM) VALUES("fruits", "apple/peer","najugoldenpeer", 35, 11800, 5, FALSE, 38,9);
INSERT INTO ITEMS(CATEGORY_BIG, CATEGORY_SMALL, PNAME, PID, PRICE, WEIGHT, GMO, QUANT, R_NUM) VALUES("fruits","bana/oran","eq-banana", 36, 2980, 1.3, FALSE, 5,9);
INSERT INTO ITEMS(CATEGORY_BIG, CATEGORY_SMALL, PNAME, PID, PRICE, WEIGHT, GMO, QUANT, R_NUM) VALUES("fruits","bana/oran","sa-orange", 37, 50900, 14.336, FALSE, 17,9);
INSERT INTO ITEMS(CATEGORY_BIG, CATEGORY_SMALL, PNAME, PID, PRICE, WEIGHT, GMO, QUANT, R_NUM) VALUES("fruits","bana/oran","green kiwi",38, 14900, 2, FALSE, 25,9);
INSERT INTO ITEMS(CATEGORY_BIG, CATEGORY_SMALL, PNAME, PID, PRICE, WEIGHT, GMO, QUANT, R_NUM) VALUES("fruits","bana/oran","avocado", 39, 1900, 0.4,  18,9);
INSERT INTO ITEMS(CATEGORY_BIG, CATEGORY_SMALL, PNAME, PID, PRICE, WEIGHT, GMO, QUANT, R_NUM) VALUES("fruits","bana/oran","ph-pineapple", 40, 13900, 1, FALSE, 12,9);
INSERT INTO ITEMS(CATEGORY_BIG, CATEGORY_SMALL, PNAME, PID, PRICE, WEIGHT, GMO, QUANT, R_NUM) VALUES("fruits", "Peanuts","grilled-amond", 41, 11800, 0.7, FALSE, 5,9);
INSERT INTO ITEMS(CATEGORY_BIG, CATEGORY_SMALL, PNAME, PID, PRICE, WEIGHT, GMO, QUANT, R_NUM) VALUES("fruits", "Peanuts","brazil-nut", 42, 13800, 0.44, FALSE, 50,9);
INSERT INTO ITEMS(CATEGORY_BIG, CATEGORY_SMALL, PNAME, PID, PRICE, WEIGHT, GMO, QUANT, R_NUM) VALUES("fruits", "Peanuts","as-acadamia", 43, 9800, 0.2, 40,9);
INSERT INTO ITEMS(CATEGORY_BIG, CATEGORY_SMALL, PNAME, PID, PRICE, WEIGHT, GMO, QUANT, R_NUM) VALUES("fruits", "Peanuts","mix-nut", 44, 9980, 0.8, FALSE, 19,9);
INSERT INTO ITEMS(CATEGORY_BIG, CATEGORY_SMALL, PNAME, PID, PRICE, WEIGHT, GMO, QUANT, R_NUM) VALUES("fruits", "Peanuts","honeybutter amond",  45, 6880, 0.25, FALSE, 14,9);
INSERT INTO ITEMS(CATEGORY_BIG, CATEGORY_SMALL, PNAME, PID, PRICE, WEIGHT, GMO, QUANT, R_NUM) VALUES("fruits", "Peanuts","as-acadamia", 46, 9800, 0.2, FALSE, 40,9);
INSERT INTO ITEMS(CATEGORY_BIG, CATEGORY_SMALL, PNAME, PID, PRICE, WEIGHT, GMO, QUANT, R_NUM) VALUES("fruits", "Peanuts","mix-nut", 47, 9980, 0.8, FALSE, 19,9);
INSERT INTO ITEMS(CATEGORY_BIG, CATEGORY_SMALL, PNAME, PID, PRICE, WEIGHT, GMO, QUANT, R_NUM) VALUES("fruits","bana/oran","avocado", 48, 1900, 0.4, FALSE, 18,9);
INSERT INTO ITEMS(CATEGORY_BIG, CATEGORY_SMALL, PNAME, PID, PRICE, WEIGHT, GMO, QUANT, R_NUM) VALUES("fruits", "apple/peer","goldenpeer", 49, 11800, 5, FALSE, 38,9);
INSERT INTO ITEMS(CATEGORY_BIG, CATEGORY_SMALL, PNAME, PID, PRICE, WEIGHT, GMO, QUANT, R_NUM) VALUES("meat","beef","korean-cow", 1, 38400, 0.1, FALSE, 15, 10);
INSERT INTO ITEMS(CATEGORY_BIG, CATEGORY_SMALL, PNAME, PID, PRICE, WEIGHT, GMO, QUANT, R_NUM) VALUES("meat", "beef","LAGalbi",2,  72800, 2, FALSE, 0, 10);
INSERT INTO ITEMS(CATEGORY_BIG, CATEGORY_SMALL, PNAME, PID, PRICE, WEIGHT, GMO, QUANT, R_NUM) VALUES("meat","beef","highquality-galbi", 3, 138900, 3, FALSE, 20, 10);
INSERT INTO ITEMS(CATEGORY_BIG, CATEGORY_SMALL, PNAME, PID, PRICE, WEIGHT, GMO, QUANT, R_NUM) VALUES("meat", "beef","korean-cow soup", 4, 3180, 0.5,  FALSE, 20, 10);
INSERT INTO ITEMS(CATEGORY_BIG, CATEGORY_SMALL, PNAME, PID, PRICE, WEIGHT, GMO, QUANT, R_NUM) VALUES("meat", "beef","seasoning steak", 5, 11600, 0.1, NULL, 100, 10);
INSERT INTO ITEMS(CATEGORY_BIG, CATEGORY_SMALL, PNAME, PID, PRICE, WEIGHT, GMO, QUANT, R_NUM) VALUES("meat", "hen/duck","chicken breast", 6, 5880, 1, FALSE, 30, 10);
INSERT INTO ITEMS(CATEGORY_BIG, CATEGORY_SMALL, PNAME, PID, PRICE, WEIGHT, GMO, QUANT, R_NUM) VALUES("meat", "hen/duck","duck meat",  7, 8980, 0.45, FALSE, 12, 10);
INSERT INTO ITEMS(CATEGORY_BIG, CATEGORY_SMALL, PNAME, PID, PRICE, WEIGHT, GMO, QUANT, R_NUM) VALUES("meat","hen/duck","spicy chicken leg", 8, 5480, 0.25, FALSE, 14, 10);
INSERT INTO ITEMS(CATEGORY_BIG, CATEGORY_SMALL, PNAME, PID, PRICE, WEIGHT, GMO, QUANT, R_NUM) VALUES("meat", "hen/duck","Local Chicken", 9, 9800, 1.05, FALSE, 120, 10);
INSERT INTO ITEMS(CATEGORY_BIG, CATEGORY_SMALL, PNAME, PID, PRICE, WEIGHT, GMO, QUANT, R_NUM) VALUES("meat", "hen/duck", "Sbteamed chicken", 10, 11800, 1.35, NULL, 137, 10);
INSERT INTO ITEMS(CATEGORY_BIG, CATEGORY_SMALL, PNAME, PID, PRICE, WEIGHT, GMO, QUANT, R_NUM) VALUES("meat", "eggs","egg30", 11, 5980, 1.6, NULL, 13, 10);
INSERT INTO ITEMS(CATEGORY_BIG, CATEGORY_SMALL, PNAME, PID, PRICE, WEIGHT, GMO, QUANT, R_NUM) VALUES("meat", "eggs","Quail eggs", 12, 3980, 0.27, NULL, 10, 10);
INSERT INTO ITEMS(CATEGORY_BIG, CATEGORY_SMALL, PNAME, PID, PRICE, WEIGHT, GMO, QUANT, R_NUM) VALUES("meat", "eggs","Yu jung ran", 13, 3980, 0.31, NULL, 7, 10);
INSERT INTO ITEMS(CATEGORY_BIG, CATEGORY_SMALL, PNAME, PID, PRICE, WEIGHT, GMO, QUANT, R_NUM) VALUES("meat", "eggs","Quail eggs", 14, 3890, 0.35, NULL, 15, 10);
INSERT INTO ITEMS(CATEGORY_BIG, CATEGORY_SMALL, PNAME, PID, PRICE, WEIGHT, GMO, QUANT, R_NUM) VALUES("meat", "eggs","golden eggs", 15, 4900, NULL,FALSE, 130, 10);
INSERT INTO ITEMS(CATEGORY_BIG, CATEGORY_SMALL, PNAME, PID, PRICE, WEIGHT, GMO, QUANT, R_NUM) VALUES("drink", "coffee","Sky barley", 16, 980, 1.5, FALSE, 100,10);
INSERT INTO ITEMS(CATEGORY_BIG, CATEGORY_SMALL, PNAME, PID, PRICE, WEIGHT, GMO, QUANT, R_NUM) VALUES("drink", "coffee","vita500" , 17, 10960, 2, FALSE, 0,10);
INSERT INTO ITEMS(CATEGORY_BIG, CATEGORY_SMALL, PNAME, PID, PRICE, WEIGHT, GMO, QUANT, R_NUM) VALUES("drink", "coffee", "TOP latte" ,18, 1680, 1,FALSE, 15,10);
INSERT INTO ITEMS(CATEGORY_BIG, CATEGORY_SMALL, PNAME, PID, PRICE, WEIGHT, GMO, QUANT, R_NUM) VALUES("drink", "coffee","cantata latte",19, 980, 1,FALSE, 16,10);
INSERT INTO ITEMS(CATEGORY_BIG, CATEGORY_SMALL, PNAME, PID, PRICE, WEIGHT, GMO, QUANT, R_NUM) VALUES("drink", "coffee","orangemango" ,20, 5280, 1, FALSE, 13,10);
INSERT INTO ITEMS(CATEGORY_BIG, CATEGORY_SMALL, PNAME, PID, PRICE, WEIGHT, GMO, QUANT, R_NUM) VALUES("drink", "coke/sport","coka coke" ,21, 2650, 1.5, FALSE, 14,10);
INSERT INTO ITEMS(CATEGORY_BIG, CATEGORY_SMALL, PNAME, PID, PRICE, WEIGHT, GMO, QUANT, R_NUM) VALUES("drink", "coke/sport","chilsung-cider",22, 3880, 3.6, FALSE, 11,10);
INSERT INTO ITEMS(CATEGORY_BIG, CATEGORY_SMALL, PNAME, PID, PRICE, WEIGHT, GMO, QUANT, R_NUM) VALUES("drink", "coke/sport","power-ade" ,23, 1850, 1.5, FALSE, 14,10);
INSERT INTO ITEMS(CATEGORY_BIG, CATEGORY_SMALL, PNAME, PID, PRICE, WEIGHT, GMO, QUANT, R_NUM) VALUES("drink", "coke/sport","sparkling time" ,24, 680, 1, FALSE, 13,10);
INSERT INTO ITEMS(CATEGORY_BIG, CATEGORY_SMALL, PNAME, PID, PRICE, WEIGHT, GMO, QUANT, R_NUM) VALUES("drink", "coke/sport","cider 1.5L" ,25, 980, 1.5, FALSE, 20,10);
INSERT INTO ITEMS(CATEGORY_BIG, CATEGORY_SMALL, PNAME, PID, PRICE, WEIGHT, GMO, QUANT, R_NUM) VALUES("drink", "water","mineral water" ,26, 3980, 10, FALSE, 20,10);
INSERT INTO ITEMS(CATEGORY_BIG, CATEGORY_SMALL, PNAME, PID, PRICE, WEIGHT, GMO, QUANT, R_NUM) VALUES("drink", "water","jeju samdasu" ,27, 7800, 0.33, FALSE, 5,10);
INSERT INTO ITEMS(CATEGORY_BIG, CATEGORY_SMALL, PNAME, PID, PRICE, WEIGHT, GMO, QUANT, R_NUM) VALUES("drink", "water","Isis8.0", 28, 9000, 6, FALSE, 5,10);
INSERT INTO ITEMS(CATEGORY_BIG, CATEGORY_SMALL, PNAME, PID, PRICE, WEIGHT, GMO, QUANT, R_NUM) VALUES("drink", "water","evian 500ml",29, 1080,  0.5, FALSE, 5,10);
INSERT INTO ITEMS(CATEGORY_BIG, CATEGORY_SMALL, PNAME, PID, PRICE, WEIGHT, GMO, QUANT, R_NUM) VALUES("drink", "water", "Perrier lemon",30, 3980, 1.32, FALSE, 0,10);
INSERT INTO ITEMS(CATEGORY_BIG, CATEGORY_SMALL, PNAME, PID, PRICE, WEIGHT, GMO, QUANT, R_NUM) VALUES("fruits", "apple/peer", "naju peer", 31,11900, NULL, FALSE,  5,10);
INSERT INTO ITEMS(CATEGORY_BIG, CATEGORY_SMALL, PNAME, PID, PRICE, WEIGHT, GMO, QUANT, R_NUM) VALUES("fruits", "apple/peer","NH apple", 32, 18800, 3, FALSE, 150,10);
INSERT INTO ITEMS(CATEGORY_BIG, CATEGORY_SMALL, PNAME, PID, PRICE, WEIGHT, GMO, QUANT, R_NUM) VALUES("fruits", "apple/pee","sunfruits" ,33, 9900, 3, FALSE, 20,10);
INSERT INTO ITEMS(CATEGORY_BIG, CATEGORY_SMALL, PNAME, PID, PRICE, WEIGHT, GMO, QUANT, R_NUM) VALUES("fruits", "apple/peer","mixgiftset",  34, 48900, NULL, FALSE, 20,10);
INSERT INTO ITEMS(CATEGORY_BIG, CATEGORY_SMALL, PNAME, PID, PRICE, WEIGHT, GMO, QUANT, R_NUM) VALUES("fruits", "apple/peer","najugoldenpeer", 35, 11800, 5, FALSE, 38,10);
INSERT INTO ITEMS(CATEGORY_BIG, CATEGORY_SMALL, PNAME, PID, PRICE, WEIGHT, GMO, QUANT, R_NUM) VALUES("fruits","bana/oran","eq-banana", 36, 2980, 1.3, FALSE, 5,10);
INSERT INTO ITEMS(CATEGORY_BIG, CATEGORY_SMALL, PNAME, PID, PRICE, WEIGHT, GMO, QUANT, R_NUM) VALUES("fruits","bana/oran","sa-orange", 37, 50900, 14.336, FALSE, 5,10);
INSERT INTO ITEMS(CATEGORY_BIG, CATEGORY_SMALL, PNAME, PID, PRICE, WEIGHT, GMO, QUANT, R_NUM) VALUES("fruits","bana/oran","green kiwi",38, 14900, 2, FALSE, 25,10);
INSERT INTO ITEMS(CATEGORY_BIG, CATEGORY_SMALL, PNAME, PID, PRICE, WEIGHT, GMO, QUANT, R_NUM) VALUES("fruits","bana/oran","avocado", 39, 1900, 0.4,  18,10);
INSERT INTO ITEMS(CATEGORY_BIG, CATEGORY_SMALL, PNAME, PID, PRICE, WEIGHT, GMO, QUANT, R_NUM) VALUES("fruits","bana/oran","ph-pineapple", 40, 13900, 1, FALSE, 0,10);
INSERT INTO ITEMS(CATEGORY_BIG, CATEGORY_SMALL, PNAME, PID, PRICE, WEIGHT, GMO, QUANT, R_NUM) VALUES("fruits", "Peanuts","grilled-amond", 41, 11800, 0.7, FALSE, 20,10);
INSERT INTO ITEMS(CATEGORY_BIG, CATEGORY_SMALL, PNAME, PID, PRICE, WEIGHT, GMO, QUANT, R_NUM) VALUES("fruits", "Peanuts","brazil-nut", 42, 13800, 0.44, FALSE, 50,10);
INSERT INTO ITEMS(CATEGORY_BIG, CATEGORY_SMALL, PNAME, PID, PRICE, WEIGHT, GMO, QUANT, R_NUM) VALUES("fruits", "Peanuts","as-acadamia", 43, 9800, 0.2, 40,10);
INSERT INTO ITEMS(CATEGORY_BIG, CATEGORY_SMALL, PNAME, PID, PRICE, WEIGHT, GMO, QUANT, R_NUM) VALUES("fruits", "Peanuts","mix-nut", 44, 9980, 0.8, FALSE, 19,10);
INSERT INTO ITEMS(CATEGORY_BIG, CATEGORY_SMALL, PNAME, PID, PRICE, WEIGHT, GMO, QUANT, R_NUM) VALUES("fruits", "Peanuts","honeybutter amond",  45, 6880, 0.25, FALSE, 0,10);
INSERT INTO ITEMS(CATEGORY_BIG, CATEGORY_SMALL, PNAME, PID, PRICE, WEIGHT, GMO, QUANT, R_NUM) VALUES("fruits", "Peanuts","as-acadamia", 46, 9800, 0.2, FALSE, 400,10);
INSERT INTO ITEMS(CATEGORY_BIG, CATEGORY_SMALL, PNAME, PID, PRICE, WEIGHT, GMO, QUANT, R_NUM) VALUES("fruits", "Peanuts","mix-nut", 47, 9980, 0.8, FALSE, 190,10);
INSERT INTO ITEMS(CATEGORY_BIG, CATEGORY_SMALL, PNAME, PID, PRICE, WEIGHT, GMO, QUANT, R_NUM) VALUES("fruits","bana/oran","avocado", 48, 1900, 0.4, FALSE, 180,10);
INSERT INTO ITEMS(CATEGORY_BIG, CATEGORY_SMALL, PNAME, PID, PRICE, WEIGHT, GMO, QUANT, R_NUM) VALUES("fruits", "apple/peer","goldenpeer", 49, 11800, 5, FALSE, 38,10);
INSERT INTO ITEMS(CATEGORY_BIG, CATEGORY_SMALL, PNAME, PID, PRICE, WEIGHT, GMO, QUANT, R_NUM) VALUES("meat","beef","korean-cow", 1, 38400, 0.1, FALSE, 15, 11);
INSERT INTO ITEMS(CATEGORY_BIG, CATEGORY_SMALL, PNAME, PID, PRICE, WEIGHT, GMO, QUANT, R_NUM) VALUES("meat", "beef","LAGalbi",2,  72800, 2, FALSE, 0, 11);
INSERT INTO ITEMS(CATEGORY_BIG, CATEGORY_SMALL, PNAME, PID, PRICE, WEIGHT, GMO, QUANT, R_NUM) VALUES("meat","beef","highquality-galbi", 3, 138900, 3, FALSE, 20, 11);
INSERT INTO ITEMS(CATEGORY_BIG, CATEGORY_SMALL, PNAME, PID, PRICE, WEIGHT, GMO, QUANT, R_NUM) VALUES("meat", "beef","korean-cow soup", 4, 3180, 0.5,  FALSE, 20, 11);
INSERT INTO ITEMS(CATEGORY_BIG, CATEGORY_SMALL, PNAME, PID, PRICE, WEIGHT, GMO, QUANT, R_NUM) VALUES("meat", "beef","seasoning steak", 5, 11600, 0.1, NULL, 100, 11);
INSERT INTO ITEMS(CATEGORY_BIG, CATEGORY_SMALL, PNAME, PID, PRICE, WEIGHT, GMO, QUANT, R_NUM) VALUES("meat", "hen/duck","chicken breast", 6, 5880, 1, FALSE, 300, 11);
INSERT INTO ITEMS(CATEGORY_BIG, CATEGORY_SMALL, PNAME, PID, PRICE, WEIGHT, GMO, QUANT, R_NUM) VALUES("meat", "hen/duck","duck meat",  7, 8980, 0.45, FALSE, 120, 11);
INSERT INTO ITEMS(CATEGORY_BIG, CATEGORY_SMALL, PNAME, PID, PRICE, WEIGHT, GMO, QUANT, R_NUM) VALUES("meat","hen/duck","spicy chicken leg", 8, 5480, 0.25, FALSE, 14, 11);
INSERT INTO ITEMS(CATEGORY_BIG, CATEGORY_SMALL, PNAME, PID, PRICE, WEIGHT, GMO, QUANT, R_NUM) VALUES("meat", "hen/duck","Local Chicken", 9, 9800, 1.05, FALSE, 120, 11);
INSERT INTO ITEMS(CATEGORY_BIG, CATEGORY_SMALL, PNAME, PID, PRICE, WEIGHT, GMO, QUANT, R_NUM) VALUES("meat", "hen/duck", "Sbteamed chicken", 10, 11800, 1.35, NULL, 137, 11);
INSERT INTO ITEMS(CATEGORY_BIG, CATEGORY_SMALL, PNAME, PID, PRICE, WEIGHT, GMO, QUANT, R_NUM) VALUES("meat", "eggs","egg30", 11, 5980, 1.6, NULL, 13, 11);
INSERT INTO ITEMS(CATEGORY_BIG, CATEGORY_SMALL, PNAME, PID, PRICE, WEIGHT, GMO, QUANT, R_NUM) VALUES("meat", "eggs","Quail eggs", 12, 3980, 0.27, NULL, 100, 11);
INSERT INTO ITEMS(CATEGORY_BIG, CATEGORY_SMALL, PNAME, PID, PRICE, WEIGHT, GMO, QUANT, R_NUM) VALUES("meat", "eggs","Yu jung ran", 13, 3980, 0.31, NULL, 0, 11);
INSERT INTO ITEMS(CATEGORY_BIG, CATEGORY_SMALL, PNAME, PID, PRICE, WEIGHT, GMO, QUANT, R_NUM) VALUES("meat", "eggs","Quail eggs", 14, 3890, 0.35, NULL, 0, 11);
INSERT INTO ITEMS(CATEGORY_BIG, CATEGORY_SMALL, PNAME, PID, PRICE, WEIGHT, GMO, QUANT, R_NUM) VALUES("meat", "eggs","golden eggs", 15, 4900, NULL,FALSE, 130, 11);
INSERT INTO ITEMS(CATEGORY_BIG, CATEGORY_SMALL, PNAME, PID, PRICE, WEIGHT, GMO, QUANT, R_NUM) VALUES("drink", "coffee","Sky barley", 16, 980, 1.5, FALSE, 0,11);
INSERT INTO ITEMS(CATEGORY_BIG, CATEGORY_SMALL, PNAME, PID, PRICE, WEIGHT, GMO, QUANT, R_NUM) VALUES("drink", "coffee","vita500" , 17, 10960, 2, FALSE, 0,11);
INSERT INTO ITEMS(CATEGORY_BIG, CATEGORY_SMALL, PNAME, PID, PRICE, WEIGHT, GMO, QUANT, R_NUM) VALUES("drink", "coffee", "TOP latte" ,18, 1680, 1,FALSE, 15,11);
INSERT INTO ITEMS(CATEGORY_BIG, CATEGORY_SMALL, PNAME, PID, PRICE, WEIGHT, GMO, QUANT, R_NUM) VALUES("drink", "coffee","cantata latte",19, 980, 1,FALSE, 160,11);
INSERT INTO ITEMS(CATEGORY_BIG, CATEGORY_SMALL, PNAME, PID, PRICE, WEIGHT, GMO, QUANT, R_NUM) VALUES("drink", "coffee","orangemango" ,20, 5280, 1, FALSE, 130,11);
INSERT INTO ITEMS(CATEGORY_BIG, CATEGORY_SMALL, PNAME, PID, PRICE, WEIGHT, GMO, QUANT, R_NUM) VALUES("drink", "coke/sport","coka coke" ,21, 2650, 1.5, FALSE, 140,11);
INSERT INTO ITEMS(CATEGORY_BIG, CATEGORY_SMALL, PNAME, PID, PRICE, WEIGHT, GMO, QUANT, R_NUM) VALUES("drink", "coke/sport","chilsung-cider",22, 3880, 3.6, FALSE, 110,11);
INSERT INTO ITEMS(CATEGORY_BIG, CATEGORY_SMALL, PNAME, PID, PRICE, WEIGHT, GMO, QUANT, R_NUM) VALUES("drink", "coke/sport","power-ade" ,23, 1850, 1.5, FALSE, 5,11);
INSERT INTO ITEMS(CATEGORY_BIG, CATEGORY_SMALL, PNAME, PID, PRICE, WEIGHT, GMO, QUANT, R_NUM) VALUES("drink", "coke/sport","sparkling time" ,24, 680, 1, FALSE, 0,11);
INSERT INTO ITEMS(CATEGORY_BIG, CATEGORY_SMALL, PNAME, PID, PRICE, WEIGHT, GMO, QUANT, R_NUM) VALUES("drink", "coke/sport","cider 1.5L" ,25, 980, 1.5, FALSE, 5,11);
INSERT INTO ITEMS(CATEGORY_BIG, CATEGORY_SMALL, PNAME, PID, PRICE, WEIGHT, GMO, QUANT, R_NUM) VALUES("drink", "water","mineral water" ,26, 3980, 10, FALSE, 0,11);
INSERT INTO ITEMS(CATEGORY_BIG, CATEGORY_SMALL, PNAME, PID, PRICE, WEIGHT, GMO, QUANT, R_NUM) VALUES("drink", "water","jeju samdasu" ,27, 7800, 0.33, FALSE, 5,11);
INSERT INTO ITEMS(CATEGORY_BIG, CATEGORY_SMALL, PNAME, PID, PRICE, WEIGHT, GMO, QUANT, R_NUM) VALUES("drink", "water","Isis8.0", 28, 9000, 6, FALSE, 17,11);
INSERT INTO ITEMS(CATEGORY_BIG, CATEGORY_SMALL, PNAME, PID, PRICE, WEIGHT, GMO, QUANT, R_NUM) VALUES("drink", "water","evian 500ml",29, 1080,  0.5, FALSE, 5,11);
INSERT INTO ITEMS(CATEGORY_BIG, CATEGORY_SMALL, PNAME, PID, PRICE, WEIGHT, GMO, QUANT, R_NUM) VALUES("drink", "water", "Perrier lemon",30, 3980, 1.32, FALSE, 5,11);
INSERT INTO ITEMS(CATEGORY_BIG, CATEGORY_SMALL, PNAME, PID, PRICE, WEIGHT, GMO, QUANT, R_NUM) VALUES("fruits", "apple/peer", "naju peer", 31,11900, NULL, FALSE,  5,11);
INSERT INTO ITEMS(CATEGORY_BIG, CATEGORY_SMALL, PNAME, PID, PRICE, WEIGHT, GMO, QUANT, R_NUM) VALUES("fruits", "apple/peer","NH apple", 32, 18800, 3, FALSE, 150,11);
INSERT INTO ITEMS(CATEGORY_BIG, CATEGORY_SMALL, PNAME, PID, PRICE, WEIGHT, GMO, QUANT, R_NUM) VALUES("fruits", "apple/pee","sunfruits" ,33, 9900, 3, FALSE, 20,11);
INSERT INTO ITEMS(CATEGORY_BIG, CATEGORY_SMALL, PNAME, PID, PRICE, WEIGHT, GMO, QUANT, R_NUM) VALUES("fruits", "apple/peer","mixgiftset",  34, 48900, NULL, FALSE, 20,11);
INSERT INTO ITEMS(CATEGORY_BIG, CATEGORY_SMALL, PNAME, PID, PRICE, WEIGHT, GMO, QUANT, R_NUM) VALUES("fruits", "apple/peer","najugoldenpeer", 35, 11800, 5, FALSE, 380,11);
INSERT INTO ITEMS(CATEGORY_BIG, CATEGORY_SMALL, PNAME, PID, PRICE, WEIGHT, GMO, QUANT, R_NUM) VALUES("fruits","bana/oran","eq-banana", 36, 2980, 1.3, FALSE, 50,11);
INSERT INTO ITEMS(CATEGORY_BIG, CATEGORY_SMALL, PNAME, PID, PRICE, WEIGHT, GMO, QUANT, R_NUM) VALUES("fruits","bana/oran","sa-orange", 37, 50900, 14.336, FALSE, 17,11);
INSERT INTO ITEMS(CATEGORY_BIG, CATEGORY_SMALL, PNAME, PID, PRICE, WEIGHT, GMO, QUANT, R_NUM) VALUES("fruits","bana/oran","green kiwi",38, 14900, 2, FALSE, 5,11);
INSERT INTO ITEMS(CATEGORY_BIG, CATEGORY_SMALL, PNAME, PID, PRICE, WEIGHT, GMO, QUANT, R_NUM) VALUES("fruits","bana/oran","avocado", 39, 1900, 0.4,  18,11);
INSERT INTO ITEMS(CATEGORY_BIG, CATEGORY_SMALL, PNAME, PID, PRICE, WEIGHT, GMO, QUANT, R_NUM) VALUES("fruits","bana/oran","ph-pineapple", 40, 13900, 1, FALSE, 12,11);
INSERT INTO ITEMS(CATEGORY_BIG, CATEGORY_SMALL, PNAME, PID, PRICE, WEIGHT, GMO, QUANT, R_NUM) VALUES("fruits", "Peanuts","grilled-amond", 41, 11800, 0.7, FALSE, 20,11);
INSERT INTO ITEMS(CATEGORY_BIG, CATEGORY_SMALL, PNAME, PID, PRICE, WEIGHT, GMO, QUANT, R_NUM) VALUES("fruits", "Peanuts","brazil-nut", 42, 13800, 0.44, FALSE, 0,11);
INSERT INTO ITEMS(CATEGORY_BIG, CATEGORY_SMALL, PNAME, PID, PRICE, WEIGHT, GMO, QUANT, R_NUM) VALUES("fruits", "Peanuts","as-acadamia", 43, 9800, 0.2, 40,11);
INSERT INTO ITEMS(CATEGORY_BIG, CATEGORY_SMALL, PNAME, PID, PRICE, WEIGHT, GMO, QUANT, R_NUM) VALUES("fruits", "Peanuts","mix-nut", 44, 9980, 0.8, FALSE, 5,11);
INSERT INTO ITEMS(CATEGORY_BIG, CATEGORY_SMALL, PNAME, PID, PRICE, WEIGHT, GMO, QUANT, R_NUM) VALUES("fruits", "Peanuts","honeybutter amond",  45, 6880, 0.25, FALSE, 14,11);
INSERT INTO ITEMS(CATEGORY_BIG, CATEGORY_SMALL, PNAME, PID, PRICE, WEIGHT, GMO, QUANT, R_NUM) VALUES("fruits", "Peanuts","as-acadamia", 46, 9800, 0.2, FALSE, 40,11);
INSERT INTO ITEMS(CATEGORY_BIG, CATEGORY_SMALL, PNAME, PID, PRICE, WEIGHT, GMO, QUANT, R_NUM) VALUES("fruits", "Peanuts","mix-nut", 47, 9980, 0.8, FALSE, 190,11);
INSERT INTO ITEMS(CATEGORY_BIG, CATEGORY_SMALL, PNAME, PID, PRICE, WEIGHT, GMO, QUANT, R_NUM) VALUES("fruits","bana/oran","avocado", 48, 1900, 0.4, FALSE, 180,11);
INSERT INTO ITEMS(CATEGORY_BIG, CATEGORY_SMALL, PNAME, PID, PRICE, WEIGHT, GMO, QUANT, R_NUM) VALUES("fruits", "apple/peer","goldenpeer", 49, 11800, 5, FALSE, 38,11);
INSERT INTO ITEMS(CATEGORY_BIG, CATEGORY_SMALL, PNAME, PID, PRICE, WEIGHT, GMO, QUANT, R_NUM) VALUES("meat","beef","korean-cow", 1, 38400, 0.1, FALSE, 0, 12);
INSERT INTO ITEMS(CATEGORY_BIG, CATEGORY_SMALL, PNAME, PID, PRICE, WEIGHT, GMO, QUANT, R_NUM) VALUES("meat", "beef","LAGalbi",2,  72800, 2, FALSE, 0, 12);
INSERT INTO ITEMS(CATEGORY_BIG, CATEGORY_SMALL, PNAME, PID, PRICE, WEIGHT, GMO, QUANT, R_NUM) VALUES("meat","beef","highquality-galbi", 3, 138900, 3, FALSE, 5, 12);
INSERT INTO ITEMS(CATEGORY_BIG, CATEGORY_SMALL, PNAME, PID, PRICE, WEIGHT, GMO, QUANT, R_NUM) VALUES("meat", "beef","korean-cow soup", 4, 3180, 0.5,  FALSE, 5, 12);
INSERT INTO ITEMS(CATEGORY_BIG, CATEGORY_SMALL, PNAME, PID, PRICE, WEIGHT, GMO, QUANT, R_NUM) VALUES("meat", "beef","seasoning steak", 5, 11600, 0.1, NULL, 100, 12);
INSERT INTO ITEMS(CATEGORY_BIG, CATEGORY_SMALL, PNAME, PID, PRICE, WEIGHT, GMO, QUANT, R_NUM) VALUES("meat", "hen/duck","chicken breast", 6, 5880, 1, FALSE, 5, 12);
INSERT INTO ITEMS(CATEGORY_BIG, CATEGORY_SMALL, PNAME, PID, PRICE, WEIGHT, GMO, QUANT, R_NUM) VALUES("meat", "hen/duck","duck meat",  7, 8980, 0.45, FALSE, 5, 12);
INSERT INTO ITEMS(CATEGORY_BIG, CATEGORY_SMALL, PNAME, PID, PRICE, WEIGHT, GMO, QUANT, R_NUM) VALUES("meat","hen/duck","spicy chicken leg", 8, 5480, 0.25, FALSE, 5, 12);
INSERT INTO ITEMS(CATEGORY_BIG, CATEGORY_SMALL, PNAME, PID, PRICE, WEIGHT, GMO, QUANT, R_NUM) VALUES("meat", "hen/duck","Local Chicken", 9, 9800, 1.05, FALSE, 120, 12);
INSERT INTO ITEMS(CATEGORY_BIG, CATEGORY_SMALL, PNAME, PID, PRICE, WEIGHT, GMO, QUANT, R_NUM) VALUES("meat", "hen/duck", "Sbteamed chicken", 10, 11800, 1.35, NULL, 137, 12);
INSERT INTO ITEMS(CATEGORY_BIG, CATEGORY_SMALL, PNAME, PID, PRICE, WEIGHT, GMO, QUANT, R_NUM) VALUES("meat", "eggs","egg30", 11, 5980, 1.6, NULL, 13, 12);
INSERT INTO ITEMS(CATEGORY_BIG, CATEGORY_SMALL, PNAME, PID, PRICE, WEIGHT, GMO, QUANT, R_NUM) VALUES("meat", "eggs","Quail eggs", 12, 3980, 0.27, NULL, 5, 12);
INSERT INTO ITEMS(CATEGORY_BIG, CATEGORY_SMALL, PNAME, PID, PRICE, WEIGHT, GMO, QUANT, R_NUM) VALUES("meat", "eggs","Yu jung ran", 13, 3980, 0.31, NULL, 0, 12);
INSERT INTO ITEMS(CATEGORY_BIG, CATEGORY_SMALL, PNAME, PID, PRICE, WEIGHT, GMO, QUANT, R_NUM) VALUES("meat", "eggs","Quail eggs", 14, 3890, 0.35, NULL, 150, 12);
INSERT INTO ITEMS(CATEGORY_BIG, CATEGORY_SMALL, PNAME, PID, PRICE, WEIGHT, GMO, QUANT, R_NUM) VALUES("meat", "eggs","golden eggs", 15, 4900, NULL,FALSE, 130, 12);
INSERT INTO ITEMS(CATEGORY_BIG, CATEGORY_SMALL, PNAME, PID, PRICE, WEIGHT, GMO, QUANT, R_NUM) VALUES("drink", "coffee","Sky barley", 16, 980, 1.5, FALSE, 5,12);
INSERT INTO ITEMS(CATEGORY_BIG, CATEGORY_SMALL, PNAME, PID, PRICE, WEIGHT, GMO, QUANT, R_NUM) VALUES("drink", "coffee","vita500" , 17, 10960, 2, FALSE, 0,12);
INSERT INTO ITEMS(CATEGORY_BIG, CATEGORY_SMALL, PNAME, PID, PRICE, WEIGHT, GMO, QUANT, R_NUM) VALUES("drink", "coffee", "TOP latte" ,18, 1680, 1,FALSE, 150,12);
INSERT INTO ITEMS(CATEGORY_BIG, CATEGORY_SMALL, PNAME, PID, PRICE, WEIGHT, GMO, QUANT, R_NUM) VALUES("drink", "coffee","cantata latte",19, 980, 1,FALSE, 160,12);
INSERT INTO ITEMS(CATEGORY_BIG, CATEGORY_SMALL, PNAME, PID, PRICE, WEIGHT, GMO, QUANT, R_NUM) VALUES("drink", "coffee","orangemango" ,20, 5280, 1, FALSE, 130,12);
INSERT INTO ITEMS(CATEGORY_BIG, CATEGORY_SMALL, PNAME, PID, PRICE, WEIGHT, GMO, QUANT, R_NUM) VALUES("drink", "coke/sport","coka coke" ,21, 2650, 1.5, FALSE, 140,12);
INSERT INTO ITEMS(CATEGORY_BIG, CATEGORY_SMALL, PNAME, PID, PRICE, WEIGHT, GMO, QUANT, R_NUM) VALUES("drink", "coke/sport","chilsung-cider",22, 3880, 3.6, FALSE, 110,12);
INSERT INTO ITEMS(CATEGORY_BIG, CATEGORY_SMALL, PNAME, PID, PRICE, WEIGHT, GMO, QUANT, R_NUM) VALUES("drink", "coke/sport","power-ade" ,23, 1850, 1.5, FALSE, 5,12);
INSERT INTO ITEMS(CATEGORY_BIG, CATEGORY_SMALL, PNAME, PID, PRICE, WEIGHT, GMO, QUANT, R_NUM) VALUES("drink", "coke/sport","sparkling time" ,24, 680, 1, FALSE, 130,12);
INSERT INTO ITEMS(CATEGORY_BIG, CATEGORY_SMALL, PNAME, PID, PRICE, WEIGHT, GMO, QUANT, R_NUM) VALUES("drink", "coke/sport","cider 1.5L" ,25, 980, 1.5, FALSE, 200,12);
INSERT INTO ITEMS(CATEGORY_BIG, CATEGORY_SMALL, PNAME, PID, PRICE, WEIGHT, GMO, QUANT, R_NUM) VALUES("drink", "water","mineral water" ,26, 3980, 10, FALSE, 20,12);
INSERT INTO ITEMS(CATEGORY_BIG, CATEGORY_SMALL, PNAME, PID, PRICE, WEIGHT, GMO, QUANT, R_NUM) VALUES("drink", "water","jeju samdasu" ,27, 7800, 0.33, FALSE, 25,12);
INSERT INTO ITEMS(CATEGORY_BIG, CATEGORY_SMALL, PNAME, PID, PRICE, WEIGHT, GMO, QUANT, R_NUM) VALUES("drink", "water","Isis8.0", 28, 9000, 6, FALSE, 17,12);
INSERT INTO ITEMS(CATEGORY_BIG, CATEGORY_SMALL, PNAME, PID, PRICE, WEIGHT, GMO, QUANT, R_NUM) VALUES("drink", "water","evian 500ml",29, 1080,  0.5, FALSE, 0,12);
INSERT INTO ITEMS(CATEGORY_BIG, CATEGORY_SMALL, PNAME, PID, PRICE, WEIGHT, GMO, QUANT, R_NUM) VALUES("drink", "water", "Perrier lemon",30, 3980, 1.32, FALSE, 0,12);
INSERT INTO ITEMS(CATEGORY_BIG, CATEGORY_SMALL, PNAME, PID, PRICE, WEIGHT, GMO, QUANT, R_NUM) VALUES("fruits", "apple/peer", "naju peer", 31,11900, NULL, FALSE,  5,12);
INSERT INTO ITEMS(CATEGORY_BIG, CATEGORY_SMALL, PNAME, PID, PRICE, WEIGHT, GMO, QUANT, R_NUM) VALUES("fruits", "apple/peer","NH apple", 32, 18800, 3, FALSE, 15,12);
INSERT INTO ITEMS(CATEGORY_BIG, CATEGORY_SMALL, PNAME, PID, PRICE, WEIGHT, GMO, QUANT, R_NUM) VALUES("fruits", "apple/pee","sunfruits" ,33, 9900, 3, FALSE, 20,12);
INSERT INTO ITEMS(CATEGORY_BIG, CATEGORY_SMALL, PNAME, PID, PRICE, WEIGHT, GMO, QUANT, R_NUM) VALUES("fruits", "apple/peer","mixgiftset",  34, 48900, NULL, FALSE, 20,12);
INSERT INTO ITEMS(CATEGORY_BIG, CATEGORY_SMALL, PNAME, PID, PRICE, WEIGHT, GMO, QUANT, R_NUM) VALUES("fruits", "apple/peer","najugoldenpeer", 35, 11800, 5, FALSE, 38,12);
INSERT INTO ITEMS(CATEGORY_BIG, CATEGORY_SMALL, PNAME, PID, PRICE, WEIGHT, GMO, QUANT, R_NUM) VALUES("fruits","bana/oran","eq-banana", 36, 2980, 1.3, FALSE, 5,12);
INSERT INTO ITEMS(CATEGORY_BIG, CATEGORY_SMALL, PNAME, PID, PRICE, WEIGHT, GMO, QUANT, R_NUM) VALUES("fruits","bana/oran","sa-orange", 37, 50900, 14.336, FALSE, 17,12);
INSERT INTO ITEMS(CATEGORY_BIG, CATEGORY_SMALL, PNAME, PID, PRICE, WEIGHT, GMO, QUANT, R_NUM) VALUES("fruits","bana/oran","green kiwi",38, 14900, 2, FALSE, 25,12);
INSERT INTO ITEMS(CATEGORY_BIG, CATEGORY_SMALL, PNAME, PID, PRICE, WEIGHT, GMO, QUANT, R_NUM) VALUES("fruits","bana/oran","avocado", 39, 1900, 0.4,  18,12);
INSERT INTO ITEMS(CATEGORY_BIG, CATEGORY_SMALL, PNAME, PID, PRICE, WEIGHT, GMO, QUANT, R_NUM) VALUES("fruits","bana/oran","ph-pineapple", 40, 13900, 1, FALSE, 12,12);
INSERT INTO ITEMS(CATEGORY_BIG, CATEGORY_SMALL, PNAME, PID, PRICE, WEIGHT, GMO, QUANT, R_NUM) VALUES("fruits", "Peanuts","grilled-amond", 41, 11800, 0.7, FALSE, 20,12);
INSERT INTO ITEMS(CATEGORY_BIG, CATEGORY_SMALL, PNAME, PID, PRICE, WEIGHT, GMO, QUANT, R_NUM) VALUES("fruits", "Peanuts","brazil-nut", 42, 13800, 0.44, FALSE, 50,12);
INSERT INTO ITEMS(CATEGORY_BIG, CATEGORY_SMALL, PNAME, PID, PRICE, WEIGHT, GMO, QUANT, R_NUM) VALUES("fruits", "Peanuts","as-acadamia", 43, 9800, 0.2, 40,12);
INSERT INTO ITEMS(CATEGORY_BIG, CATEGORY_SMALL, PNAME, PID, PRICE, WEIGHT, GMO, QUANT, R_NUM) VALUES("fruits", "Peanuts","mix-nut", 44, 9980, 0.8, FALSE, 19,12);
INSERT INTO ITEMS(CATEGORY_BIG, CATEGORY_SMALL, PNAME, PID, PRICE, WEIGHT, GMO, QUANT, R_NUM) VALUES("fruits", "Peanuts","honeybutter amond",  45, 6880, 0.25, FALSE, 14,12);
INSERT INTO ITEMS(CATEGORY_BIG, CATEGORY_SMALL, PNAME, PID, PRICE, WEIGHT, GMO, QUANT, R_NUM) VALUES("fruits", "Peanuts","as-acadamia", 46, 9800, 0.2, FALSE, 40,12);
INSERT INTO ITEMS(CATEGORY_BIG, CATEGORY_SMALL, PNAME, PID, PRICE, WEIGHT, GMO, QUANT, R_NUM) VALUES("fruits", "Peanuts","mix-nut", 47, 9980, 0.8, FALSE, 19,12);
INSERT INTO ITEMS(CATEGORY_BIG, CATEGORY_SMALL, PNAME, PID, PRICE, WEIGHT, GMO, QUANT, R_NUM) VALUES("fruits","bana/oran","avocado", 48, 1900, 0.4, FALSE, 0,12);
INSERT INTO ITEMS(CATEGORY_BIG, CATEGORY_SMALL, PNAME, PID, PRICE, WEIGHT, GMO, QUANT, R_NUM) VALUES("fruits", "apple/peer","goldenpeer", 49, 11800, 5, FALSE, 100,12);
INSERT INTO ITEMS(CATEGORY_BIG, CATEGORY_SMALL, PNAME, PID, PRICE, WEIGHT, GMO, QUANT, R_NUM) VALUES("meat","beef","korean-cow", 1, 38400, 0.1, FALSE, 15, 13);
INSERT INTO ITEMS(CATEGORY_BIG, CATEGORY_SMALL, PNAME, PID, PRICE, WEIGHT, GMO, QUANT, R_NUM) VALUES("meat", "beef","LAGalbi",2,  72800, 2, FALSE, 0, 13);
INSERT INTO ITEMS(CATEGORY_BIG, CATEGORY_SMALL, PNAME, PID, PRICE, WEIGHT, GMO, QUANT, R_NUM) VALUES("meat","beef","highquality-galbi", 3, 138900, 3, FALSE, 5, 13);
INSERT INTO ITEMS(CATEGORY_BIG, CATEGORY_SMALL, PNAME, PID, PRICE, WEIGHT, GMO, QUANT, R_NUM) VALUES("meat", "beef","korean-cow soup", 4, 3180, 0.5,  FALSE, 20, 13);
INSERT INTO ITEMS(CATEGORY_BIG, CATEGORY_SMALL, PNAME, PID, PRICE, WEIGHT, GMO, QUANT, R_NUM) VALUES("meat", "beef","seasoning steak", 5, 11600, 0.1, NULL, 100, 13);
INSERT INTO ITEMS(CATEGORY_BIG, CATEGORY_SMALL, PNAME, PID, PRICE, WEIGHT, GMO, QUANT, R_NUM) VALUES("meat", "hen/duck","chicken breast", 6, 5880, 1, FALSE, 30, 13);
INSERT INTO ITEMS(CATEGORY_BIG, CATEGORY_SMALL, PNAME, PID, PRICE, WEIGHT, GMO, QUANT, R_NUM) VALUES("meat", "hen/duck","duck meat",  7, 8980, 0.45, FALSE, 5, 13);
INSERT INTO ITEMS(CATEGORY_BIG, CATEGORY_SMALL, PNAME, PID, PRICE, WEIGHT, GMO, QUANT, R_NUM) VALUES("meat","hen/duck","spicy chicken leg", 8, 5480, 0.25, FALSE, 14, 13);
INSERT INTO ITEMS(CATEGORY_BIG, CATEGORY_SMALL, PNAME, PID, PRICE, WEIGHT, GMO, QUANT, R_NUM) VALUES("meat", "hen/duck","Local Chicken", 9, 9800, 1.05, FALSE, 120, 13);
INSERT INTO ITEMS(CATEGORY_BIG, CATEGORY_SMALL, PNAME, PID, PRICE, WEIGHT, GMO, QUANT, R_NUM) VALUES("meat", "hen/duck", "Sbteamed chicken", 10, 11800, 1.35, NULL, 137, 13);
INSERT INTO ITEMS(CATEGORY_BIG, CATEGORY_SMALL, PNAME, PID, PRICE, WEIGHT, GMO, QUANT, R_NUM) VALUES("meat", "eggs","egg30", 11, 5980, 1.6, NULL, 13, 13);
INSERT INTO ITEMS(CATEGORY_BIG, CATEGORY_SMALL, PNAME, PID, PRICE, WEIGHT, GMO, QUANT, R_NUM) VALUES("meat", "eggs","Quail eggs", 12, 3980, 0.27, NULL, 10, 13);
INSERT INTO ITEMS(CATEGORY_BIG, CATEGORY_SMALL, PNAME, PID, PRICE, WEIGHT, GMO, QUANT, R_NUM) VALUES("meat", "eggs","Yu jung ran", 13, 3980, 0.31, NULL, 5, 13);
INSERT INTO ITEMS(CATEGORY_BIG, CATEGORY_SMALL, PNAME, PID, PRICE, WEIGHT, GMO, QUANT, R_NUM) VALUES("meat", "eggs","Quail eggs", 14, 3890, 0.35, NULL, 15, 13);
INSERT INTO ITEMS(CATEGORY_BIG, CATEGORY_SMALL, PNAME, PID, PRICE, WEIGHT, GMO, QUANT, R_NUM) VALUES("meat", "eggs","golden eggs", 15, 4900, NULL,FALSE, 130, 13);
INSERT INTO ITEMS(CATEGORY_BIG, CATEGORY_SMALL, PNAME, PID, PRICE, WEIGHT, GMO, QUANT, R_NUM) VALUES("drink", "coffee","Sky barley", 16, 980, 1.5, FALSE, 11,13);
INSERT INTO ITEMS(CATEGORY_BIG, CATEGORY_SMALL, PNAME, PID, PRICE, WEIGHT, GMO, QUANT, R_NUM) VALUES("drink", "coffee","vita500" , 17, 10960, 2, FALSE, 0,13);
INSERT INTO ITEMS(CATEGORY_BIG, CATEGORY_SMALL, PNAME, PID, PRICE, WEIGHT, GMO, QUANT, R_NUM) VALUES("drink", "coffee", "TOP latte" ,18, 1680, 1,FALSE, 15,13);
INSERT INTO ITEMS(CATEGORY_BIG, CATEGORY_SMALL, PNAME, PID, PRICE, WEIGHT, GMO, QUANT, R_NUM) VALUES("drink", "coffee","cantata latte",19, 980, 1,FALSE, 16,13);
INSERT INTO ITEMS(CATEGORY_BIG, CATEGORY_SMALL, PNAME, PID, PRICE, WEIGHT, GMO, QUANT, R_NUM) VALUES("drink", "coffee","orangemango" ,20, 5280, 1, FALSE, 13,13);
INSERT INTO ITEMS(CATEGORY_BIG, CATEGORY_SMALL, PNAME, PID, PRICE, WEIGHT, GMO, QUANT, R_NUM) VALUES("drink", "coke/sport","coka coke" ,21, 2650, 1.5, FALSE, 14,13);
INSERT INTO ITEMS(CATEGORY_BIG, CATEGORY_SMALL, PNAME, PID, PRICE, WEIGHT, GMO, QUANT, R_NUM) VALUES("drink", "coke/sport","chilsung-cider",22, 3880, 3.6, FALSE, 5,13);
INSERT INTO ITEMS(CATEGORY_BIG, CATEGORY_SMALL, PNAME, PID, PRICE, WEIGHT, GMO, QUANT, R_NUM) VALUES("drink", "coke/sport","power-ade" ,23, 1850, 1.5, FALSE, 140,13);
INSERT INTO ITEMS(CATEGORY_BIG, CATEGORY_SMALL, PNAME, PID, PRICE, WEIGHT, GMO, QUANT, R_NUM) VALUES("drink", "coke/sport","sparkling time" ,24, 680, 1, FALSE, 130,13);
INSERT INTO ITEMS(CATEGORY_BIG, CATEGORY_SMALL, PNAME, PID, PRICE, WEIGHT, GMO, QUANT, R_NUM) VALUES("drink", "coke/sport","cider 1.5L" ,25, 980, 1.5, FALSE, 5,13);
INSERT INTO ITEMS(CATEGORY_BIG, CATEGORY_SMALL, PNAME, PID, PRICE, WEIGHT, GMO, QUANT, R_NUM) VALUES("drink", "water","mineral water" ,26, 3980, 10, FALSE, 20,13);
INSERT INTO ITEMS(CATEGORY_BIG, CATEGORY_SMALL, PNAME, PID, PRICE, WEIGHT, GMO, QUANT, R_NUM) VALUES("drink", "water","jeju samdasu" ,27, 7800, 0.33, FALSE, 25,13);
INSERT INTO ITEMS(CATEGORY_BIG, CATEGORY_SMALL, PNAME, PID, PRICE, WEIGHT, GMO, QUANT, R_NUM) VALUES("drink", "water","Isis8.0", 28, 9000, 6, FALSE, 17,13);
INSERT INTO ITEMS(CATEGORY_BIG, CATEGORY_SMALL, PNAME, PID, PRICE, WEIGHT, GMO, QUANT, R_NUM) VALUES("drink", "water","evian 500ml",29, 1080,  0.5, FALSE, 19,13);
INSERT INTO ITEMS(CATEGORY_BIG, CATEGORY_SMALL, PNAME, PID, PRICE, WEIGHT, GMO, QUANT, R_NUM) VALUES("drink", "water", "Perrier lemon",30, 3980, 1.32, FALSE, 20,13);
INSERT INTO ITEMS(CATEGORY_BIG, CATEGORY_SMALL, PNAME, PID, PRICE, WEIGHT, GMO, QUANT, R_NUM) VALUES("fruits", "apple/peer", "naju peer", 31,11900, NULL, FALSE,  30,13);
INSERT INTO ITEMS(CATEGORY_BIG, CATEGORY_SMALL, PNAME, PID, PRICE, WEIGHT, GMO, QUANT, R_NUM) VALUES("fruits", "apple/peer","NH apple", 32, 18800, 3, FALSE, 15,13);
INSERT INTO ITEMS(CATEGORY_BIG, CATEGORY_SMALL, PNAME, PID, PRICE, WEIGHT, GMO, QUANT, R_NUM) VALUES("fruits", "apple/pee","sunfruits" ,33, 9900, 3, FALSE, 20,13);
INSERT INTO ITEMS(CATEGORY_BIG, CATEGORY_SMALL, PNAME, PID, PRICE, WEIGHT, GMO, QUANT, R_NUM) VALUES("fruits", "apple/peer","mixgiftset",  34, 48900, NULL, FALSE, 20,13);
INSERT INTO ITEMS(CATEGORY_BIG, CATEGORY_SMALL, PNAME, PID, PRICE, WEIGHT, GMO, QUANT, R_NUM) VALUES("fruits", "apple/peer","najugoldenpeer", 35, 11800, 5, FALSE, 38,13);
INSERT INTO ITEMS(CATEGORY_BIG, CATEGORY_SMALL, PNAME, PID, PRICE, WEIGHT, GMO, QUANT, R_NUM) VALUES("fruits","bana/oran","eq-banana", 36, 2980, 1.3, FALSE, 5,13);
INSERT INTO ITEMS(CATEGORY_BIG, CATEGORY_SMALL, PNAME, PID, PRICE, WEIGHT, GMO, QUANT, R_NUM) VALUES("fruits","bana/oran","sa-orange", 37, 50900, 14.336, FALSE, 17,13);
INSERT INTO ITEMS(CATEGORY_BIG, CATEGORY_SMALL, PNAME, PID, PRICE, WEIGHT, GMO, QUANT, R_NUM) VALUES("fruits","bana/oran","green kiwi",38, 14900, 2, FALSE, 25,13);
INSERT INTO ITEMS(CATEGORY_BIG, CATEGORY_SMALL, PNAME, PID, PRICE, WEIGHT, GMO, QUANT, R_NUM) VALUES("fruits","bana/oran","avocado", 39, 1900, 0.4,  18,13);
INSERT INTO ITEMS(CATEGORY_BIG, CATEGORY_SMALL, PNAME, PID, PRICE, WEIGHT, GMO, QUANT, R_NUM) VALUES("fruits","bana/oran","ph-pineapple", 40, 13900, 1, FALSE, 12,13);
INSERT INTO ITEMS(CATEGORY_BIG, CATEGORY_SMALL, PNAME, PID, PRICE, WEIGHT, GMO, QUANT, R_NUM) VALUES("fruits", "Peanuts","grilled-amond", 41, 11800, 0.7, FALSE, 20,13);
INSERT INTO ITEMS(CATEGORY_BIG, CATEGORY_SMALL, PNAME, PID, PRICE, WEIGHT, GMO, QUANT, R_NUM) VALUES("fruits", "Peanuts","brazil-nut", 42, 13800, 0.44, FALSE, 50,13);
INSERT INTO ITEMS(CATEGORY_BIG, CATEGORY_SMALL, PNAME, PID, PRICE, WEIGHT, GMO, QUANT, R_NUM) VALUES("fruits", "Peanuts","as-acadamia", 43, 9800, 0.2, 40,13);
INSERT INTO ITEMS(CATEGORY_BIG, CATEGORY_SMALL, PNAME, PID, PRICE, WEIGHT, GMO, QUANT, R_NUM) VALUES("fruits", "Peanuts","mix-nut", 44, 9980, 0.8, FALSE, 19,13);
INSERT INTO ITEMS(CATEGORY_BIG, CATEGORY_SMALL, PNAME, PID, PRICE, WEIGHT, GMO, QUANT, R_NUM) VALUES("fruits", "Peanuts","honeybutter amond",  45, 6880, 0.25, FALSE, 14,13);
INSERT INTO ITEMS(CATEGORY_BIG, CATEGORY_SMALL, PNAME, PID, PRICE, WEIGHT, GMO, QUANT, R_NUM) VALUES("fruits", "Peanuts","as-acadamia", 46, 9800, 0.2, FALSE, 40,13);
INSERT INTO ITEMS(CATEGORY_BIG, CATEGORY_SMALL, PNAME, PID, PRICE, WEIGHT, GMO, QUANT, R_NUM) VALUES("fruits", "Peanuts","mix-nut", 47, 9980, 0.8, FALSE, 19,13);
INSERT INTO ITEMS(CATEGORY_BIG, CATEGORY_SMALL, PNAME, PID, PRICE, WEIGHT, GMO, QUANT, R_NUM) VALUES("fruits","bana/oran","avocado", 48, 1900, 0.4, FALSE, 18,13);
INSERT INTO ITEMS(CATEGORY_BIG, CATEGORY_SMALL, PNAME, PID, PRICE, WEIGHT, GMO, QUANT, R_NUM) VALUES("fruits", "apple/peer","goldenpeer", 49, 11800, 5, FALSE, 38,13);
INSERT INTO ITEMS(CATEGORY_BIG, CATEGORY_SMALL, PNAME, PID, PRICE, WEIGHT, GMO, QUANT, R_NUM) VALUES("meat","beef","korean-cow", 1, 38400, 0.1, FALSE, 15, 14);
INSERT INTO ITEMS(CATEGORY_BIG, CATEGORY_SMALL, PNAME, PID, PRICE, WEIGHT, GMO, QUANT, R_NUM) VALUES("meat", "beef","LAGalbi",2,  72800, 2, FALSE,
                                                                                                     0, 14);
INSERT INTO ITEMS(CATEGORY_BIG, CATEGORY_SMALL, PNAME, PID, PRICE, WEIGHT, GMO, QUANT, R_NUM) VALUES("meat","beef","highquality-galbi", 3, 138900, 3, FALSE, 20, 14);
INSERT INTO ITEMS(CATEGORY_BIG, CATEGORY_SMALL, PNAME, PID, PRICE, WEIGHT, GMO, QUANT, R_NUM) VALUES("meat", "beef","korean-cow soup", 4, 3180, 0.5,  FALSE, 20, 14);
INSERT INTO ITEMS(CATEGORY_BIG, CATEGORY_SMALL, PNAME, PID, PRICE, WEIGHT, GMO, QUANT, R_NUM) VALUES("meat", "beef","seasoning steak", 5, 11600, 0.1, NULL, 100, 14);
INSERT INTO ITEMS(CATEGORY_BIG, CATEGORY_SMALL, PNAME, PID, PRICE, WEIGHT, GMO, QUANT, R_NUM) VALUES("meat", "hen/duck","chicken breast", 6, 5880, 1, FALSE, 30, 14);
INSERT INTO ITEMS(CATEGORY_BIG, CATEGORY_SMALL, PNAME, PID, PRICE, WEIGHT, GMO, QUANT, R_NUM) VALUES("meat", "hen/duck","duck meat",  7, 8980, 0.45, FALSE, 12, 14);
INSERT INTO ITEMS(CATEGORY_BIG, CATEGORY_SMALL, PNAME, PID, PRICE, WEIGHT, GMO, QUANT, R_NUM) VALUES("meat","hen/duck","spicy chicken leg", 8, 5480, 0.25, FALSE, 14, 14);
INSERT INTO ITEMS(CATEGORY_BIG, CATEGORY_SMALL, PNAME, PID, PRICE, WEIGHT, GMO, QUANT, R_NUM) VALUES("meat", "hen/duck","Local Chicken", 9, 9800, 1.05, FALSE, 120, 14);
INSERT INTO ITEMS(CATEGORY_BIG, CATEGORY_SMALL, PNAME, PID, PRICE, WEIGHT, GMO, QUANT, R_NUM) VALUES("meat", "hen/duck", "Sbteamed chicken", 10, 11800, 1.35, NULL, 137, 14);
INSERT INTO ITEMS(CATEGORY_BIG, CATEGORY_SMALL, PNAME, PID, PRICE, WEIGHT, GMO, QUANT, R_NUM) VALUES("meat", "eggs","egg30", 11, 5980, 1.6, NULL, 13, 14);
INSERT INTO ITEMS(CATEGORY_BIG, CATEGORY_SMALL, PNAME, PID, PRICE, WEIGHT, GMO, QUANT, R_NUM) VALUES("meat", "eggs","Quail eggs", 12, 3980, 0.27, NULL, 10, 14);
INSERT INTO ITEMS(CATEGORY_BIG, CATEGORY_SMALL, PNAME, PID, PRICE, WEIGHT, GMO, QUANT, R_NUM) VALUES("meat", "eggs","Yu jung ran", 13, 3980, 0.31, NULL, 0, 14);
INSERT INTO ITEMS(CATEGORY_BIG, CATEGORY_SMALL, PNAME, PID, PRICE, WEIGHT, GMO, QUANT, R_NUM) VALUES("meat", "eggs","Quail eggs", 14, 3890, 0.35, NULL, 5, 14);
INSERT INTO ITEMS(CATEGORY_BIG, CATEGORY_SMALL, PNAME, PID, PRICE, WEIGHT, GMO, QUANT, R_NUM) VALUES("meat", "eggs","golden eggs", 15, 4900, NULL,FALSE, 130, 14);
INSERT INTO ITEMS(CATEGORY_BIG, CATEGORY_SMALL, PNAME, PID, PRICE, WEIGHT, GMO, QUANT, R_NUM) VALUES("drink", "coffee","Sky barley", 16, 980, 1.5, FALSE, 5,14);
INSERT INTO ITEMS(CATEGORY_BIG, CATEGORY_SMALL, PNAME, PID, PRICE, WEIGHT, GMO, QUANT, R_NUM) VALUES("drink", "coffee","vita500" , 17, 10960, 2, FALSE, 0,14);
INSERT INTO ITEMS(CATEGORY_BIG, CATEGORY_SMALL, PNAME, PID, PRICE, WEIGHT, GMO, QUANT, R_NUM) VALUES("drink", "coffee", "TOP latte" ,18, 1680, 1,FALSE, 0,14);
INSERT INTO ITEMS(CATEGORY_BIG, CATEGORY_SMALL, PNAME, PID, PRICE, WEIGHT, GMO, QUANT, R_NUM) VALUES("drink", "coffee","cantata latte",19, 980, 1,FALSE, 5,14);
INSERT INTO ITEMS(CATEGORY_BIG, CATEGORY_SMALL, PNAME, PID, PRICE, WEIGHT, GMO, QUANT, R_NUM) VALUES("drink", "coffee","orangemango" ,20, 5280, 1, FALSE, 5,14);
INSERT INTO ITEMS(CATEGORY_BIG, CATEGORY_SMALL, PNAME, PID, PRICE, WEIGHT, GMO, QUANT, R_NUM) VALUES("drink", "coke/sport","coka coke" ,21, 2650, 1.5, FALSE, 5,14);
INSERT INTO ITEMS(CATEGORY_BIG, CATEGORY_SMALL, PNAME, PID, PRICE, WEIGHT, GMO, QUANT, R_NUM) VALUES("drink", "coke/sport","chilsung-cider",22, 3880, 3.6, FALSE, 11,14);
INSERT INTO ITEMS(CATEGORY_BIG, CATEGORY_SMALL, PNAME, PID, PRICE, WEIGHT, GMO, QUANT, R_NUM) VALUES("drink", "coke/sport","power-ade" ,23, 1850, 1.5, FALSE, 14,14);
INSERT INTO ITEMS(CATEGORY_BIG, CATEGORY_SMALL, PNAME, PID, PRICE, WEIGHT, GMO, QUANT, R_NUM) VALUES("drink", "coke/sport","sparkling time" ,24, 680, 1, FALSE, 0,14);
INSERT INTO ITEMS(CATEGORY_BIG, CATEGORY_SMALL, PNAME, PID, PRICE, WEIGHT, GMO, QUANT, R_NUM) VALUES("drink", "coke/sport","cider 1.5L" ,25, 980, 1.5, FALSE, 20,14);
INSERT INTO ITEMS(CATEGORY_BIG, CATEGORY_SMALL, PNAME, PID, PRICE, WEIGHT, GMO, QUANT, R_NUM) VALUES("drink", "water","mineral water" ,26, 3980, 10, FALSE, 5,14);
INSERT INTO ITEMS(CATEGORY_BIG, CATEGORY_SMALL, PNAME, PID, PRICE, WEIGHT, GMO, QUANT, R_NUM) VALUES("drink", "water","jeju samdasu" ,27, 7800, 0.33, FALSE, 25,14);
INSERT INTO ITEMS(CATEGORY_BIG, CATEGORY_SMALL, PNAME, PID, PRICE, WEIGHT, GMO, QUANT, R_NUM) VALUES("drink", "water","Isis8.0", 28, 9000, 6, FALSE, 5,14);
INSERT INTO ITEMS(CATEGORY_BIG, CATEGORY_SMALL, PNAME, PID, PRICE, WEIGHT, GMO, QUANT, R_NUM) VALUES("drink", "water","evian 500ml",29, 1080,  0.5, FALSE, 5,14);
INSERT INTO ITEMS(CATEGORY_BIG, CATEGORY_SMALL, PNAME, PID, PRICE, WEIGHT, GMO, QUANT, R_NUM) VALUES("drink", "water", "Perrier lemon",30, 3980, 1.32, FALSE, 20,14);
INSERT INTO ITEMS(CATEGORY_BIG, CATEGORY_SMALL, PNAME, PID, PRICE, WEIGHT, GMO, QUANT, R_NUM) VALUES("fruits", "apple/peer", "naju peer", 31,11900, NULL, FALSE,  30,14);
INSERT INTO ITEMS(CATEGORY_BIG, CATEGORY_SMALL, PNAME, PID, PRICE, WEIGHT, GMO, QUANT, R_NUM) VALUES("fruits", "apple/peer","NH apple", 32, 18800, 3, FALSE, 15,14);
INSERT INTO ITEMS(CATEGORY_BIG, CATEGORY_SMALL, PNAME, PID, PRICE, WEIGHT, GMO, QUANT, R_NUM) VALUES("fruits", "apple/pee","sunfruits" ,33, 9900, 3, FALSE, 20,14);
INSERT INTO ITEMS(CATEGORY_BIG, CATEGORY_SMALL, PNAME, PID, PRICE, WEIGHT, GMO, QUANT, R_NUM) VALUES("fruits", "apple/peer","mixgiftset",  34, 48900, NULL, FALSE, 20,14);
INSERT INTO ITEMS(CATEGORY_BIG, CATEGORY_SMALL, PNAME, PID, PRICE, WEIGHT, GMO, QUANT, R_NUM) VALUES("fruits", "apple/peer","najugoldenpeer", 35, 11800, 5, FALSE, 0,14);
INSERT INTO ITEMS(CATEGORY_BIG, CATEGORY_SMALL, PNAME, PID, PRICE, WEIGHT, GMO, QUANT, R_NUM) VALUES("fruits","bana/oran","eq-banana", 36, 2980, 1.3, FALSE, 5,14);
INSERT INTO ITEMS(CATEGORY_BIG, CATEGORY_SMALL, PNAME, PID, PRICE, WEIGHT, GMO, QUANT, R_NUM) VALUES("fruits","bana/oran","sa-orange", 37, 50900, 14.336, FALSE, 170,14);
INSERT INTO ITEMS(CATEGORY_BIG, CATEGORY_SMALL, PNAME, PID, PRICE, WEIGHT, GMO, QUANT, R_NUM) VALUES("fruits","bana/oran","green kiwi",38, 14900, 2, FALSE, 250,14);
INSERT INTO ITEMS(CATEGORY_BIG, CATEGORY_SMALL, PNAME, PID, PRICE, WEIGHT, GMO, QUANT, R_NUM) VALUES("fruits","bana/oran","avocado", 39, 1900, 0.4,  180,14);
INSERT INTO ITEMS(CATEGORY_BIG, CATEGORY_SMALL, PNAME, PID, PRICE, WEIGHT, GMO, QUANT, R_NUM) VALUES("fruits","bana/oran","ph-pineapple", 40, 13900, 1, FALSE, 120,14);
INSERT INTO ITEMS(CATEGORY_BIG, CATEGORY_SMALL, PNAME, PID, PRICE, WEIGHT, GMO, QUANT, R_NUM) VALUES("fruits", "Peanuts","grilled-amond", 41, 11800, 0.7, FALSE, 20,14);
INSERT INTO ITEMS(CATEGORY_BIG, CATEGORY_SMALL, PNAME, PID, PRICE, WEIGHT, GMO, QUANT, R_NUM) VALUES("fruits", "Peanuts","brazil-nut", 42, 13800, 0.44, FALSE, 50,14);
INSERT INTO ITEMS(CATEGORY_BIG, CATEGORY_SMALL, PNAME, PID, PRICE, WEIGHT, GMO, QUANT, R_NUM) VALUES("fruits", "Peanuts","as-acadamia", 43, 9800, 0.2, 40,14);
INSERT INTO ITEMS(CATEGORY_BIG, CATEGORY_SMALL, PNAME, PID, PRICE, WEIGHT, GMO, QUANT, R_NUM) VALUES("fruits", "Peanuts","mix-nut", 44, 9980, 0.8, FALSE, 190,14);
INSERT INTO ITEMS(CATEGORY_BIG, CATEGORY_SMALL, PNAME, PID, PRICE, WEIGHT, GMO, QUANT, R_NUM) VALUES("fruits", "Peanuts","honeybutter amond",  45, 6880, 0.25, FALSE, 140,14);
INSERT INTO ITEMS(CATEGORY_BIG, CATEGORY_SMALL, PNAME, PID, PRICE, WEIGHT, GMO, QUANT, R_NUM) VALUES("fruits", "Peanuts","as-acadamia", 46, 9800, 0.2, FALSE, 40,14);
INSERT INTO ITEMS(CATEGORY_BIG, CATEGORY_SMALL, PNAME, PID, PRICE, WEIGHT, GMO, QUANT, R_NUM) VALUES("fruits", "Peanuts","mix-nut", 47, 9980, 0.8, FALSE, 0,14);
INSERT INTO ITEMS(CATEGORY_BIG, CATEGORY_SMALL, PNAME, PID, PRICE, WEIGHT, GMO, QUANT, R_NUM) VALUES("fruits","bana/oran","avocado", 48, 1900, 0.4, FALSE, 5,14);
INSERT INTO ITEMS(CATEGORY_BIG, CATEGORY_SMALL, PNAME, PID, PRICE, WEIGHT, GMO, QUANT, R_NUM) VALUES("fruits", "apple/peer","goldenpeer", 49, 11800, 5, FALSE, 38,14);
INSERT INTO ITEMS(CATEGORY_BIG, CATEGORY_SMALL, PNAME, PID, PRICE, WEIGHT, GMO, QUANT, R_NUM) VALUES("meat","beef","korean-cow", 1, 38400, 0.1, FALSE, 15, 15);
INSERT INTO ITEMS(CATEGORY_BIG, CATEGORY_SMALL, PNAME, PID, PRICE, WEIGHT, GMO, QUANT, R_NUM) VALUES("meat", "beef","LAGalbi",2,  72800, 2, FALSE, 0, 15);
INSERT INTO ITEMS(CATEGORY_BIG, CATEGORY_SMALL, PNAME, PID, PRICE, WEIGHT, GMO, QUANT, R_NUM) VALUES("meat","beef","highquality-galbi", 3, 138900, 3, FALSE, 20, 15);
INSERT INTO ITEMS(CATEGORY_BIG, CATEGORY_SMALL, PNAME, PID, PRICE, WEIGHT, GMO, QUANT, R_NUM) VALUES("meat", "beef","korean-cow soup", 4, 3180, 0.5,  FALSE, 20, 15);
INSERT INTO ITEMS(CATEGORY_BIG, CATEGORY_SMALL, PNAME, PID, PRICE, WEIGHT, GMO, QUANT, R_NUM) VALUES("meat", "beef","seasoning steak", 5, 11600, 0.1, NULL, 100, 15);
INSERT INTO ITEMS(CATEGORY_BIG, CATEGORY_SMALL, PNAME, PID, PRICE, WEIGHT, GMO, QUANT, R_NUM) VALUES("meat", "hen/duck","chicken breast", 6, 5880, 1, FALSE, 30, 15);
INSERT INTO ITEMS(CATEGORY_BIG, CATEGORY_SMALL, PNAME, PID, PRICE, WEIGHT, GMO, QUANT, R_NUM) VALUES("meat", "hen/duck","duck meat",  7, 8980, 0.45, FALSE, 12, 15);
INSERT INTO ITEMS(CATEGORY_BIG, CATEGORY_SMALL, PNAME, PID, PRICE, WEIGHT, GMO, QUANT, R_NUM) VALUES("meat","hen/duck","spicy chicken leg", 8, 5480, 0.25, FALSE, 14, 15);
INSERT INTO ITEMS(CATEGORY_BIG, CATEGORY_SMALL, PNAME, PID, PRICE, WEIGHT, GMO, QUANT, R_NUM) VALUES("meat", "hen/duck","Local Chicken", 9, 9800, 1.05, FALSE, 120, 15);
INSERT INTO ITEMS(CATEGORY_BIG, CATEGORY_SMALL, PNAME, PID, PRICE, WEIGHT, GMO, QUANT, R_NUM) VALUES("meat", "hen/duck", "Sbteamed chicken", 10, 11800, 1.35, NULL, 137, 15);
INSERT INTO ITEMS(CATEGORY_BIG, CATEGORY_SMALL, PNAME, PID, PRICE, WEIGHT, GMO, QUANT, R_NUM) VALUES("meat", "eggs","egg30", 11, 5980, 1.6, NULL, 13, 15);
INSERT INTO ITEMS(CATEGORY_BIG, CATEGORY_SMALL, PNAME, PID, PRICE, WEIGHT, GMO, QUANT, R_NUM) VALUES("meat", "eggs","Quail eggs", 12, 3980, 0.27, NULL, 10, 15);
INSERT INTO ITEMS(CATEGORY_BIG, CATEGORY_SMALL, PNAME, PID, PRICE, WEIGHT, GMO, QUANT, R_NUM) VALUES("meat", "eggs","Yu jung ran", 13, 3980, 0.31, NULL, 7, 15);
INSERT INTO ITEMS(CATEGORY_BIG, CATEGORY_SMALL, PNAME, PID, PRICE, WEIGHT, GMO, QUANT, R_NUM) VALUES("meat", "eggs","Quail eggs", 14, 3890, 0.35, NULL, 15, 15);
INSERT INTO ITEMS(CATEGORY_BIG, CATEGORY_SMALL, PNAME, PID, PRICE, WEIGHT, GMO, QUANT, R_NUM) VALUES("meat", "eggs","golden eggs", 15, 4900, NULL,FALSE, 130, 15);
INSERT INTO ITEMS(CATEGORY_BIG, CATEGORY_SMALL, PNAME, PID, PRICE, WEIGHT, GMO, QUANT, R_NUM) VALUES("drink", "coffee","Sky barley", 16, 980, 1.5, FALSE, 11,15);
INSERT INTO ITEMS(CATEGORY_BIG, CATEGORY_SMALL, PNAME, PID, PRICE, WEIGHT, GMO, QUANT, R_NUM) VALUES("drink", "coffee","vita500" , 17, 10960, 2, FALSE, 0,15);
INSERT INTO ITEMS(CATEGORY_BIG, CATEGORY_SMALL, PNAME, PID, PRICE, WEIGHT, GMO, QUANT, R_NUM) VALUES("drink", "coffee", "TOP latte" ,18, 1680, 1,FALSE, 15,15);
INSERT INTO ITEMS(CATEGORY_BIG, CATEGORY_SMALL, PNAME, PID, PRICE, WEIGHT, GMO, QUANT, R_NUM) VALUES("drink", "coffee","cantata latte",19, 980, 1,FALSE, 0,15);
INSERT INTO ITEMS(CATEGORY_BIG, CATEGORY_SMALL, PNAME, PID, PRICE, WEIGHT, GMO, QUANT, R_NUM) VALUES("drink", "coffee","orangemango" ,20, 5280, 1, FALSE, 0,15);
INSERT INTO ITEMS(CATEGORY_BIG, CATEGORY_SMALL, PNAME, PID, PRICE, WEIGHT, GMO, QUANT, R_NUM) VALUES("drink", "coke/sport","coka coke" ,21, 2650, 1.5, FALSE, 0,15);
INSERT INTO ITEMS(CATEGORY_BIG, CATEGORY_SMALL, PNAME, PID, PRICE, WEIGHT, GMO, QUANT, R_NUM) VALUES("drink", "coke/sport","chilsung-cider",22, 3880, 3.6, FALSE, 11,15);
INSERT INTO ITEMS(CATEGORY_BIG, CATEGORY_SMALL, PNAME, PID, PRICE, WEIGHT, GMO, QUANT, R_NUM) VALUES("drink", "coke/sport","power-ade" ,23, 1850, 1.5, FALSE, 14,15);
INSERT INTO ITEMS(CATEGORY_BIG, CATEGORY_SMALL, PNAME, PID, PRICE, WEIGHT, GMO, QUANT, R_NUM) VALUES("drink", "coke/sport","sparkling time" ,24, 680, 1, FALSE, 13,15);
INSERT INTO ITEMS(CATEGORY_BIG, CATEGORY_SMALL, PNAME, PID, PRICE, WEIGHT, GMO, QUANT, R_NUM) VALUES("drink", "coke/sport","cider 1.5L" ,25, 980, 1.5, FALSE, 5,15);
INSERT INTO ITEMS(CATEGORY_BIG, CATEGORY_SMALL, PNAME, PID, PRICE, WEIGHT, GMO, QUANT, R_NUM) VALUES("drink", "water","mineral water" ,26, 3980, 10, FALSE, 20,15);
INSERT INTO ITEMS(CATEGORY_BIG, CATEGORY_SMALL, PNAME, PID, PRICE, WEIGHT, GMO, QUANT, R_NUM) VALUES("drink", "water","jeju samdasu" ,27, 7800, 0.33, FALSE, 25,15);
INSERT INTO ITEMS(CATEGORY_BIG, CATEGORY_SMALL, PNAME, PID, PRICE, WEIGHT, GMO, QUANT, R_NUM) VALUES("drink", "water","Isis8.0", 28, 9000, 6, FALSE, 17,15);
INSERT INTO ITEMS(CATEGORY_BIG, CATEGORY_SMALL, PNAME, PID, PRICE, WEIGHT, GMO, QUANT, R_NUM) VALUES("drink", "water","evian 500ml",29, 1080,  0.5, FALSE, 5,15);
INSERT INTO ITEMS(CATEGORY_BIG, CATEGORY_SMALL, PNAME, PID, PRICE, WEIGHT, GMO, QUANT, R_NUM) VALUES("drink", "water", "Perrier lemon",30, 3980, 1.32, FALSE, 20,15);
INSERT INTO ITEMS(CATEGORY_BIG, CATEGORY_SMALL, PNAME, PID, PRICE, WEIGHT, GMO, QUANT, R_NUM) VALUES("fruits", "apple/peer", "naju peer", 31,11900, NULL, FALSE,  30,15);
INSERT INTO ITEMS(CATEGORY_BIG, CATEGORY_SMALL, PNAME, PID, PRICE, WEIGHT, GMO, QUANT, R_NUM) VALUES("fruits", "apple/peer","NH apple", 32, 18800, 3, FALSE, 5,15);
INSERT INTO ITEMS(CATEGORY_BIG, CATEGORY_SMALL, PNAME, PID, PRICE, WEIGHT, GMO, QUANT, R_NUM) VALUES("fruits", "apple/pee","sunfruits" ,33, 9900, 3, FALSE, 20,15);
INSERT INTO ITEMS(CATEGORY_BIG, CATEGORY_SMALL, PNAME, PID, PRICE, WEIGHT, GMO, QUANT, R_NUM) VALUES("fruits", "apple/peer","mixgiftset",  34, 48900, NULL, FALSE, 20,15);
INSERT INTO ITEMS(CATEGORY_BIG, CATEGORY_SMALL, PNAME, PID, PRICE, WEIGHT, GMO, QUANT, R_NUM) VALUES("fruits", "apple/peer","najugoldenpeer", 35, 11800, 5, FALSE, 38,15);
INSERT INTO ITEMS(CATEGORY_BIG, CATEGORY_SMALL, PNAME, PID, PRICE, WEIGHT, GMO, QUANT, R_NUM) VALUES("fruits","bana/oran","eq-banana", 36, 2980, 1.3, FALSE, 5,15);
INSERT INTO ITEMS(CATEGORY_BIG, CATEGORY_SMALL, PNAME, PID, PRICE, WEIGHT, GMO, QUANT, R_NUM) VALUES("fruits","bana/oran","sa-orange", 37, 50900, 14.336, FALSE, 5,15);
INSERT INTO ITEMS(CATEGORY_BIG, CATEGORY_SMALL, PNAME, PID, PRICE, WEIGHT, GMO, QUANT, R_NUM) VALUES("fruits","bana/oran","green kiwi",38, 14900, 2, FALSE, 5,15);
INSERT INTO ITEMS(CATEGORY_BIG, CATEGORY_SMALL, PNAME, PID, PRICE, WEIGHT, GMO, QUANT, R_NUM) VALUES("fruits","bana/oran","avocado", 39, 1900, 0.4,  180,15);
INSERT INTO ITEMS(CATEGORY_BIG, CATEGORY_SMALL, PNAME, PID, PRICE, WEIGHT, GMO, QUANT, R_NUM) VALUES("fruits","bana/oran","ph-pineapple", 40, 13900, 1, FALSE, 120,15);
INSERT INTO ITEMS(CATEGORY_BIG, CATEGORY_SMALL, PNAME, PID, PRICE, WEIGHT, GMO, QUANT, R_NUM) VALUES("fruits", "Peanuts","grilled-amond", 41, 11800, 0.7, FALSE, 200,15);
INSERT INTO ITEMS(CATEGORY_BIG, CATEGORY_SMALL, PNAME, PID, PRICE, WEIGHT, GMO, QUANT, R_NUM) VALUES("fruits", "Peanuts","brazil-nut", 42, 13800, 0.44, FALSE, 50,15);
INSERT INTO ITEMS(CATEGORY_BIG, CATEGORY_SMALL, PNAME, PID, PRICE, WEIGHT, GMO, QUANT, R_NUM) VALUES("fruits", "Peanuts","as-acadamia", 43, 9800, 0.2, 400,15);
INSERT INTO ITEMS(CATEGORY_BIG, CATEGORY_SMALL, PNAME, PID, PRICE, WEIGHT, GMO, QUANT, R_NUM) VALUES("fruits", "Peanuts","mix-nut", 44, 9980, 0.8, FALSE, 190,15);
INSERT INTO ITEMS(CATEGORY_BIG, CATEGORY_SMALL, PNAME, PID, PRICE, WEIGHT, GMO, QUANT, R_NUM) VALUES("fruits", "Peanuts","honeybutter amond",  45, 6880, 0.25, FALSE, 140,15);
INSERT INTO ITEMS(CATEGORY_BIG, CATEGORY_SMALL, PNAME, PID, PRICE, WEIGHT, GMO, QUANT, R_NUM) VALUES("fruits", "Peanuts","as-acadamia", 46, 9800, 0.2, FALSE, 400,15);
INSERT INTO ITEMS(CATEGORY_BIG, CATEGORY_SMALL, PNAME, PID, PRICE, WEIGHT, GMO, QUANT, R_NUM) VALUES("fruits", "Peanuts","mix-nut", 47, 9980, 0.8, FALSE, 19,15);
INSERT INTO ITEMS(CATEGORY_BIG, CATEGORY_SMALL, PNAME, PID, PRICE, WEIGHT, GMO, QUANT, R_NUM) VALUES("fruits","bana/oran","avocado", 48, 1900, 0.4, FALSE, 18,15);
INSERT INTO ITEMS(CATEGORY_BIG, CATEGORY_SMALL, PNAME, PID, PRICE, WEIGHT, GMO, QUANT, R_NUM) VALUES("fruits", "apple/peer","goldenpeer", 49, 11800, 5, FALSE, 38,15);
INSERT INTO ITEMS(CATEGORY_BIG, CATEGORY_SMALL, PNAME, PID, PRICE, WEIGHT, GMO, QUANT, R_NUM) VALUES("meat","beef","korean-cow", 1, 38400, 0.1, FALSE, 15, 16);
INSERT INTO ITEMS(CATEGORY_BIG, CATEGORY_SMALL, PNAME, PID, PRICE, WEIGHT, GMO, QUANT, R_NUM) VALUES("meat", "beef","LAGalbi",2,  72800, 2, FALSE, 0, 16);
INSERT INTO ITEMS(CATEGORY_BIG, CATEGORY_SMALL, PNAME, PID, PRICE, WEIGHT, GMO, QUANT, R_NUM) VALUES("meat","beef","highquality-galbi", 3, 138900, 3, FALSE, 200, 16);
INSERT INTO ITEMS(CATEGORY_BIG, CATEGORY_SMALL, PNAME, PID, PRICE, WEIGHT, GMO, QUANT, R_NUM) VALUES("meat", "beef","korean-cow soup", 4, 3180, 0.5,  FALSE, 20, 16);
INSERT INTO ITEMS(CATEGORY_BIG, CATEGORY_SMALL, PNAME, PID, PRICE, WEIGHT, GMO, QUANT, R_NUM) VALUES("meat", "beef","seasoning steak", 5, 11600, 0.1, NULL, 100, 16);
INSERT INTO ITEMS(CATEGORY_BIG, CATEGORY_SMALL, PNAME, PID, PRICE, WEIGHT, GMO, QUANT, R_NUM) VALUES("meat", "hen/duck","chicken breast", 6, 5880, 1, FALSE, 300, 16);
INSERT INTO ITEMS(CATEGORY_BIG, CATEGORY_SMALL, PNAME, PID, PRICE, WEIGHT, GMO, QUANT, R_NUM) VALUES("meat", "hen/duck","duck meat",  7, 8980, 0.45, FALSE, 12, 16);
INSERT INTO ITEMS(CATEGORY_BIG, CATEGORY_SMALL, PNAME, PID, PRICE, WEIGHT, GMO, QUANT, R_NUM) VALUES("meat","hen/duck","spicy chicken leg", 8, 5480, 0.25, FALSE, 0, 16);
INSERT INTO ITEMS(CATEGORY_BIG, CATEGORY_SMALL, PNAME, PID, PRICE, WEIGHT, GMO, QUANT, R_NUM) VALUES("meat", "hen/duck","Local Chicken", 9, 9800, 1.05, FALSE, 120, 16);
INSERT INTO ITEMS(CATEGORY_BIG, CATEGORY_SMALL, PNAME, PID, PRICE, WEIGHT, GMO, QUANT, R_NUM) VALUES("meat", "hen/duck", "Sbteamed chicken", 10, 11800, 1.35, NULL, 137, 16);
INSERT INTO ITEMS(CATEGORY_BIG, CATEGORY_SMALL, PNAME, PID, PRICE, WEIGHT, GMO, QUANT, R_NUM) VALUES("meat", "eggs","egg30", 11, 5980, 1.6, NULL, 13, 16);
INSERT INTO ITEMS(CATEGORY_BIG, CATEGORY_SMALL, PNAME, PID, PRICE, WEIGHT, GMO, QUANT, R_NUM) VALUES("meat", "eggs","Quail eggs", 12, 3980, 0.27, NULL, 5, 16);
INSERT INTO ITEMS(CATEGORY_BIG, CATEGORY_SMALL, PNAME, PID, PRICE, WEIGHT, GMO, QUANT, R_NUM) VALUES("meat", "eggs","Yu jung ran", 13, 3980, 0.31, NULL, 5, 16);
INSERT INTO ITEMS(CATEGORY_BIG, CATEGORY_SMALL, PNAME, PID, PRICE, WEIGHT, GMO, QUANT, R_NUM) VALUES("meat", "eggs","Quail eggs", 14, 3890, 0.35, NULL, 5, 16);
INSERT INTO ITEMS(CATEGORY_BIG, CATEGORY_SMALL, PNAME, PID, PRICE, WEIGHT, GMO, QUANT, R_NUM) VALUES("meat", "eggs","golden eggs", 15, 4900, NULL,FALSE, 130, 16);
INSERT INTO ITEMS(CATEGORY_BIG, CATEGORY_SMALL, PNAME, PID, PRICE, WEIGHT, GMO, QUANT, R_NUM) VALUES("drink", "coffee","Sky barley", 16, 980, 1.5, FALSE, 5,16);
INSERT INTO ITEMS(CATEGORY_BIG, CATEGORY_SMALL, PNAME, PID, PRICE, WEIGHT, GMO, QUANT, R_NUM) VALUES("drink", "coffee","vita500" , 17, 10960, 2, FALSE, 0,16);
INSERT INTO ITEMS(CATEGORY_BIG, CATEGORY_SMALL, PNAME, PID, PRICE, WEIGHT, GMO, QUANT, R_NUM) VALUES("drink", "coffee", "TOP latte" ,18, 1680, 1,FALSE, 15,16);
INSERT INTO ITEMS(CATEGORY_BIG, CATEGORY_SMALL, PNAME, PID, PRICE, WEIGHT, GMO, QUANT, R_NUM) VALUES("drink", "coffee","cantata latte",19, 980, 1,FALSE, 16,16);
INSERT INTO ITEMS(CATEGORY_BIG, CATEGORY_SMALL, PNAME, PID, PRICE, WEIGHT, GMO, QUANT, R_NUM) VALUES("drink", "coffee","orangemango" ,20, 5280, 1, FALSE, 13,16);
INSERT INTO ITEMS(CATEGORY_BIG, CATEGORY_SMALL, PNAME, PID, PRICE, WEIGHT, GMO, QUANT, R_NUM) VALUES("drink", "coke/sport","coka coke" ,21, 2650, 1.5, FALSE, 14,16);
INSERT INTO ITEMS(CATEGORY_BIG, CATEGORY_SMALL, PNAME, PID, PRICE, WEIGHT, GMO, QUANT, R_NUM) VALUES("drink", "coke/sport","chilsung-cider",22, 3880, 3.6, FALSE, 11,16);
INSERT INTO ITEMS(CATEGORY_BIG, CATEGORY_SMALL, PNAME, PID, PRICE, WEIGHT, GMO, QUANT, R_NUM) VALUES("drink", "coke/sport","power-ade" ,23, 1850, 1.5, FALSE, 14,16);
INSERT INTO ITEMS(CATEGORY_BIG, CATEGORY_SMALL, PNAME, PID, PRICE, WEIGHT, GMO, QUANT, R_NUM) VALUES("drink", "coke/sport","sparkling time" ,24, 680, 1, FALSE, 13,16);
INSERT INTO ITEMS(CATEGORY_BIG, CATEGORY_SMALL, PNAME, PID, PRICE, WEIGHT, GMO, QUANT, R_NUM) VALUES("drink", "coke/sport","cider 1.5L" ,25, 980, 1.5, FALSE, 20,16);
INSERT INTO ITEMS(CATEGORY_BIG, CATEGORY_SMALL, PNAME, PID, PRICE, WEIGHT, GMO, QUANT, R_NUM) VALUES("drink", "water","mineral water" ,26, 3980, 10, FALSE, 20,16);
INSERT INTO ITEMS(CATEGORY_BIG, CATEGORY_SMALL, PNAME, PID, PRICE, WEIGHT, GMO, QUANT, R_NUM) VALUES("drink", "water","jeju samdasu" ,27, 7800, 0.33, FALSE, 25,16);
INSERT INTO ITEMS(CATEGORY_BIG, CATEGORY_SMALL, PNAME, PID, PRICE, WEIGHT, GMO, QUANT, R_NUM) VALUES("drink", "water","Isis8.0", 28, 9000, 6, FALSE, 17,16);
INSERT INTO ITEMS(CATEGORY_BIG, CATEGORY_SMALL, PNAME, PID, PRICE, WEIGHT, GMO, QUANT, R_NUM) VALUES("drink", "water","evian 500ml",29, 1080,  0.5, FALSE, 19,16);
INSERT INTO ITEMS(CATEGORY_BIG, CATEGORY_SMALL, PNAME, PID, PRICE, WEIGHT, GMO, QUANT, R_NUM) VALUES("drink", "water", "Perrier lemon",30, 3980, 1.32, FALSE, 20,16);
INSERT INTO ITEMS(CATEGORY_BIG, CATEGORY_SMALL, PNAME, PID, PRICE, WEIGHT, GMO, QUANT, R_NUM) VALUES("fruits", "apple/peer", "naju peer", 31,11900, NULL, FALSE,  30,16);
INSERT INTO ITEMS(CATEGORY_BIG, CATEGORY_SMALL, PNAME, PID, PRICE, WEIGHT, GMO, QUANT, R_NUM) VALUES("fruits", "apple/peer","NH apple", 32, 18800, 3, FALSE, 15,16);
INSERT INTO ITEMS(CATEGORY_BIG, CATEGORY_SMALL, PNAME, PID, PRICE, WEIGHT, GMO, QUANT, R_NUM) VALUES("fruits", "apple/pee","sunfruits" ,33, 9900, 3, FALSE, 20,16);
INSERT INTO ITEMS(CATEGORY_BIG, CATEGORY_SMALL, PNAME, PID, PRICE, WEIGHT, GMO, QUANT, R_NUM) VALUES("fruits", "apple/peer","mixgiftset",  34, 48900, NULL, FALSE, 20,16);
INSERT INTO ITEMS(CATEGORY_BIG, CATEGORY_SMALL, PNAME, PID, PRICE, WEIGHT, GMO, QUANT, R_NUM) VALUES("fruits", "apple/peer","najugoldenpeer", 35, 11800, 5, FALSE, 38,16);
INSERT INTO ITEMS(CATEGORY_BIG, CATEGORY_SMALL, PNAME, PID, PRICE, WEIGHT, GMO, QUANT, R_NUM) VALUES("fruits","bana/oran","eq-banana", 36, 2980, 1.3, FALSE, 5,16);
INSERT INTO ITEMS(CATEGORY_BIG, CATEGORY_SMALL, PNAME, PID, PRICE, WEIGHT, GMO, QUANT, R_NUM) VALUES("fruits","bana/oran","sa-orange", 37, 50900, 14.336, FALSE, 17,16);
INSERT INTO ITEMS(CATEGORY_BIG, CATEGORY_SMALL, PNAME, PID, PRICE, WEIGHT, GMO, QUANT, R_NUM) VALUES("fruits","bana/oran","green kiwi",38, 14900, 2, FALSE, 25,16);
INSERT INTO ITEMS(CATEGORY_BIG, CATEGORY_SMALL, PNAME, PID, PRICE, WEIGHT, GMO, QUANT, R_NUM) VALUES("fruits","bana/oran","avocado", 39, 1900, 0.4,  5,16);
INSERT INTO ITEMS(CATEGORY_BIG, CATEGORY_SMALL, PNAME, PID, PRICE, WEIGHT, GMO, QUANT, R_NUM) VALUES("fruits","bana/oran","ph-pineapple", 40, 13900, 1, FALSE, 5,16);
INSERT INTO ITEMS(CATEGORY_BIG, CATEGORY_SMALL, PNAME, PID, PRICE, WEIGHT, GMO, QUANT, R_NUM) VALUES("fruits", "Peanuts","grilled-amond", 41, 11800, 0.7, FALSE, 5,16);
INSERT INTO ITEMS(CATEGORY_BIG, CATEGORY_SMALL, PNAME, PID, PRICE, WEIGHT, GMO, QUANT, R_NUM) VALUES("fruits", "Peanuts","brazil-nut", 42, 13800, 0.44, FALSE, 50,16);
INSERT INTO ITEMS(CATEGORY_BIG, CATEGORY_SMALL, PNAME, PID, PRICE, WEIGHT, GMO, QUANT, R_NUM) VALUES("fruits", "Peanuts","as-acadamia", 43, 9800, 0.2, 40,16);
INSERT INTO ITEMS(CATEGORY_BIG, CATEGORY_SMALL, PNAME, PID, PRICE, WEIGHT, GMO, QUANT, R_NUM) VALUES("fruits", "Peanuts","mix-nut", 44, 9980, 0.8, FALSE, 5,16);
INSERT INTO ITEMS(CATEGORY_BIG, CATEGORY_SMALL, PNAME, PID, PRICE, WEIGHT, GMO, QUANT, R_NUM) VALUES("fruits", "Peanuts","honeybutter amond",  45, 6880, 0.25, FALSE, 5,16);
INSERT INTO ITEMS(CATEGORY_BIG, CATEGORY_SMALL, PNAME, PID, PRICE, WEIGHT, GMO, QUANT, R_NUM) VALUES("fruits", "Peanuts","as-acadamia", 46, 9800, 0.2, FALSE, 5,16);
INSERT INTO ITEMS(CATEGORY_BIG, CATEGORY_SMALL, PNAME, PID, PRICE, WEIGHT, GMO, QUANT, R_NUM) VALUES("fruits", "Peanuts","mix-nut", 47, 9980, 0.8, FALSE, 190,16);
INSERT INTO ITEMS(CATEGORY_BIG, CATEGORY_SMALL, PNAME, PID, PRICE, WEIGHT, GMO, QUANT, R_NUM) VALUES("fruits","bana/oran","avocado", 48, 1900, 0.4, FALSE, 18,16);
INSERT INTO ITEMS(CATEGORY_BIG, CATEGORY_SMALL, PNAME, PID, PRICE, WEIGHT, GMO, QUANT, R_NUM) VALUES("fruits", "apple/peer","goldenpeer", 49, 11800, 5, FALSE, 38,16);
INSERT INTO ITEMS(CATEGORY_BIG, CATEGORY_SMALL, PNAME, PID, PRICE, WEIGHT, GMO, QUANT, R_NUM) VALUES("meat","beef","korean-cow", 1, 38400, 0.1, FALSE, 15, 17);
INSERT INTO ITEMS(CATEGORY_BIG, CATEGORY_SMALL, PNAME, PID, PRICE, WEIGHT, GMO, QUANT, R_NUM) VALUES("meat", "beef","LAGalbi",2,  72800, 2, FALSE, 0, 17);
INSERT INTO ITEMS(CATEGORY_BIG, CATEGORY_SMALL, PNAME, PID, PRICE, WEIGHT, GMO, QUANT, R_NUM) VALUES("meat","beef","highquality-galbi", 3, 138900, 3, FALSE, 200, 17);
INSERT INTO ITEMS(CATEGORY_BIG, CATEGORY_SMALL, PNAME, PID, PRICE, WEIGHT, GMO, QUANT, R_NUM) VALUES("meat", "beef","korean-cow soup", 4, 3180, 0.5,  FALSE, 20, 17);
INSERT INTO ITEMS(CATEGORY_BIG, CATEGORY_SMALL, PNAME, PID, PRICE, WEIGHT, GMO, QUANT, R_NUM) VALUES("meat", "beef","seasoning steak", 5, 11600, 0.1, NULL, 100, 17);
INSERT INTO ITEMS(CATEGORY_BIG, CATEGORY_SMALL, PNAME, PID, PRICE, WEIGHT, GMO, QUANT, R_NUM) VALUES("meat", "hen/duck","chicken breast", 6, 5880, 1, FALSE, 30, 17);
INSERT INTO ITEMS(CATEGORY_BIG, CATEGORY_SMALL, PNAME, PID, PRICE, WEIGHT, GMO, QUANT, R_NUM) VALUES("meat", "hen/duck","duck meat",  7, 8980, 0.45, FALSE, 0, 17);
INSERT INTO ITEMS(CATEGORY_BIG, CATEGORY_SMALL, PNAME, PID, PRICE, WEIGHT, GMO, QUANT, R_NUM) VALUES("meat","hen/duck","spicy chicken leg", 8, 5480, 0.25, FALSE, 14, 17);
INSERT INTO ITEMS(CATEGORY_BIG, CATEGORY_SMALL, PNAME, PID, PRICE, WEIGHT, GMO, QUANT, R_NUM) VALUES("meat", "hen/duck","Local Chicken", 9, 9800, 1.05, FALSE, 120, 17);
INSERT INTO ITEMS(CATEGORY_BIG, CATEGORY_SMALL, PNAME, PID, PRICE, WEIGHT, GMO, QUANT, R_NUM) VALUES("meat", "hen/duck", "Sbteamed chicken", 10, 11800, 1.35, NULL, 137, 17);
INSERT INTO ITEMS(CATEGORY_BIG, CATEGORY_SMALL, PNAME, PID, PRICE, WEIGHT, GMO, QUANT, R_NUM) VALUES("meat", "eggs","egg30", 11, 5980, 1.6, NULL, 13, 17);
INSERT INTO ITEMS(CATEGORY_BIG, CATEGORY_SMALL, PNAME, PID, PRICE, WEIGHT, GMO, QUANT, R_NUM) VALUES("meat", "eggs","Quail eggs", 12, 3980, 0.27, NULL, 10, 17);
INSERT INTO ITEMS(CATEGORY_BIG, CATEGORY_SMALL, PNAME, PID, PRICE, WEIGHT, GMO, QUANT, R_NUM) VALUES("meat", "eggs","Yu jung ran", 13, 3980, 0.31, NULL, 7, 17);
INSERT INTO ITEMS(CATEGORY_BIG, CATEGORY_SMALL, PNAME, PID, PRICE, WEIGHT, GMO, QUANT, R_NUM) VALUES("meat", "eggs","Quail eggs", 14, 3890, 0.35, NULL, 15, 17);
INSERT INTO ITEMS(CATEGORY_BIG, CATEGORY_SMALL, PNAME, PID, PRICE, WEIGHT, GMO, QUANT, R_NUM) VALUES("meat", "eggs","golden eggs", 15, 4900, NULL,FALSE, 130, 17);
INSERT INTO ITEMS(CATEGORY_BIG, CATEGORY_SMALL, PNAME, PID, PRICE, WEIGHT, GMO, QUANT, R_NUM) VALUES("drink", "coffee","Sky barley", 16, 980, 1.5, FALSE, 11,17);
INSERT INTO ITEMS(CATEGORY_BIG, CATEGORY_SMALL, PNAME, PID, PRICE, WEIGHT, GMO, QUANT, R_NUM) VALUES("drink", "coffee","vita500" , 17, 10960, 2, FALSE, 0,17);
INSERT INTO ITEMS(CATEGORY_BIG, CATEGORY_SMALL, PNAME, PID, PRICE, WEIGHT, GMO, QUANT, R_NUM) VALUES("drink", "coffee", "TOP latte" ,18, 1680, 1,FALSE, 150,17);
INSERT INTO ITEMS(CATEGORY_BIG, CATEGORY_SMALL, PNAME, PID, PRICE, WEIGHT, GMO, QUANT, R_NUM) VALUES("drink", "coffee","cantata latte",19, 980, 1,FALSE, 160,17);
INSERT INTO ITEMS(CATEGORY_BIG, CATEGORY_SMALL, PNAME, PID, PRICE, WEIGHT, GMO, QUANT, R_NUM) VALUES("drink", "coffee","orangemango" ,20, 5280, 1, FALSE, 5,17);
INSERT INTO ITEMS(CATEGORY_BIG, CATEGORY_SMALL, PNAME, PID, PRICE, WEIGHT, GMO, QUANT, R_NUM) VALUES("drink", "coke/sport","coka coke" ,21, 2650, 1.5, FALSE, 5,17);
INSERT INTO ITEMS(CATEGORY_BIG, CATEGORY_SMALL, PNAME, PID, PRICE, WEIGHT, GMO, QUANT, R_NUM) VALUES("drink", "coke/sport","chilsung-cider",22, 3880, 3.6, FALSE, 5,17);
INSERT INTO ITEMS(CATEGORY_BIG, CATEGORY_SMALL, PNAME, PID, PRICE, WEIGHT, GMO, QUANT, R_NUM) VALUES("drink", "coke/sport","power-ade" ,23, 1850, 1.5, FALSE, 5,17);
INSERT INTO ITEMS(CATEGORY_BIG, CATEGORY_SMALL, PNAME, PID, PRICE, WEIGHT, GMO, QUANT, R_NUM) VALUES("drink", "coke/sport","sparkling time" ,24, 680, 1, FALSE, 5,17);
INSERT INTO ITEMS(CATEGORY_BIG, CATEGORY_SMALL, PNAME, PID, PRICE, WEIGHT, GMO, QUANT, R_NUM) VALUES("drink", "coke/sport","cider 1.5L" ,25, 980, 1.5, FALSE, 5,17);
INSERT INTO ITEMS(CATEGORY_BIG, CATEGORY_SMALL, PNAME, PID, PRICE, WEIGHT, GMO, QUANT, R_NUM) VALUES("drink", "water","mineral water" ,26, 3980, 10, FALSE, 0,17);
INSERT INTO ITEMS(CATEGORY_BIG, CATEGORY_SMALL, PNAME, PID, PRICE, WEIGHT, GMO, QUANT, R_NUM) VALUES("drink", "water","jeju samdasu" ,27, 7800, 0.33, FALSE, 25,17);
INSERT INTO ITEMS(CATEGORY_BIG, CATEGORY_SMALL, PNAME, PID, PRICE, WEIGHT, GMO, QUANT, R_NUM) VALUES("drink", "water","Isis8.0", 28, 9000, 6, FALSE, 17,17);
INSERT INTO ITEMS(CATEGORY_BIG, CATEGORY_SMALL, PNAME, PID, PRICE, WEIGHT, GMO, QUANT, R_NUM) VALUES("drink", "water","evian 500ml",29, 1080,  0.5, FALSE, 19,17);
INSERT INTO ITEMS(CATEGORY_BIG, CATEGORY_SMALL, PNAME, PID, PRICE, WEIGHT, GMO, QUANT, R_NUM) VALUES("drink", "water", "Perrier lemon",30, 3980, 1.32, FALSE, 20,17);
INSERT INTO ITEMS(CATEGORY_BIG, CATEGORY_SMALL, PNAME, PID, PRICE, WEIGHT, GMO, QUANT, R_NUM) VALUES("fruits", "apple/peer", "naju peer", 31,11900, NULL, FALSE,  30,17);
INSERT INTO ITEMS(CATEGORY_BIG, CATEGORY_SMALL, PNAME, PID, PRICE, WEIGHT, GMO, QUANT, R_NUM) VALUES("fruits", "apple/peer","NH apple", 32, 18800, 3, FALSE, 15,17);
INSERT INTO ITEMS(CATEGORY_BIG, CATEGORY_SMALL, PNAME, PID, PRICE, WEIGHT, GMO, QUANT, R_NUM) VALUES("fruits", "apple/pee","sunfruits" ,33, 9900, 3, FALSE, 20,17);
INSERT INTO ITEMS(CATEGORY_BIG, CATEGORY_SMALL, PNAME, PID, PRICE, WEIGHT, GMO, QUANT, R_NUM) VALUES("fruits", "apple/peer","mixgiftset",  34, 48900, NULL, FALSE, 20,17);
INSERT INTO ITEMS(CATEGORY_BIG, CATEGORY_SMALL, PNAME, PID, PRICE, WEIGHT, GMO, QUANT, R_NUM) VALUES("fruits", "apple/peer","najugoldenpeer", 35, 11800, 5, FALSE, 38,17);
INSERT INTO ITEMS(CATEGORY_BIG, CATEGORY_SMALL, PNAME, PID, PRICE, WEIGHT, GMO, QUANT, R_NUM) VALUES("fruits","bana/oran","eq-banana", 36, 2980, 1.3, FALSE, 5,17);
INSERT INTO ITEMS(CATEGORY_BIG, CATEGORY_SMALL, PNAME, PID, PRICE, WEIGHT, GMO, QUANT, R_NUM) VALUES("fruits","bana/oran","sa-orange", 37, 50900, 14.336, FALSE, 170,17);
INSERT INTO ITEMS(CATEGORY_BIG, CATEGORY_SMALL, PNAME, PID, PRICE, WEIGHT, GMO, QUANT, R_NUM) VALUES("fruits","bana/oran","green kiwi",38, 14900, 2, FALSE, 25,17);
INSERT INTO ITEMS(CATEGORY_BIG, CATEGORY_SMALL, PNAME, PID, PRICE, WEIGHT, GMO, QUANT, R_NUM) VALUES("fruits","bana/oran","avocado", 39, 1900, 0.4,  5,17);
INSERT INTO ITEMS(CATEGORY_BIG, CATEGORY_SMALL, PNAME, PID, PRICE, WEIGHT, GMO, QUANT, R_NUM) VALUES("fruits","bana/oran","ph-pineapple", 40, 13900, 1, FALSE, 12,17);
INSERT INTO ITEMS(CATEGORY_BIG, CATEGORY_SMALL, PNAME, PID, PRICE, WEIGHT, GMO, QUANT, R_NUM) VALUES("fruits", "Peanuts","grilled-amond", 41, 11800, 0.7, FALSE, 20,17);
INSERT INTO ITEMS(CATEGORY_BIG, CATEGORY_SMALL, PNAME, PID, PRICE, WEIGHT, GMO, QUANT, R_NUM) VALUES("fruits", "Peanuts","brazil-nut", 42, 13800, 0.44, FALSE, 50,17);
INSERT INTO ITEMS(CATEGORY_BIG, CATEGORY_SMALL, PNAME, PID, PRICE, WEIGHT, GMO, QUANT, R_NUM) VALUES("fruits", "Peanuts","as-acadamia", 43, 9800, 0.2, 40,17);
INSERT INTO ITEMS(CATEGORY_BIG, CATEGORY_SMALL, PNAME, PID, PRICE, WEIGHT, GMO, QUANT, R_NUM) VALUES("fruits", "Peanuts","mix-nut", 44, 9980, 0.8, FALSE, 19,17);
INSERT INTO ITEMS(CATEGORY_BIG, CATEGORY_SMALL, PNAME, PID, PRICE, WEIGHT, GMO, QUANT, R_NUM) VALUES("fruits", "Peanuts","honeybutter amond",  45, 6880, 0.25, FALSE, 14,17);
INSERT INTO ITEMS(CATEGORY_BIG, CATEGORY_SMALL, PNAME, PID, PRICE, WEIGHT, GMO, QUANT, R_NUM) VALUES("fruits", "Peanuts","as-acadamia", 46, 9800, 0.2, FALSE, 40,17);
INSERT INTO ITEMS(CATEGORY_BIG, CATEGORY_SMALL, PNAME, PID, PRICE, WEIGHT, GMO, QUANT, R_NUM) VALUES("fruits", "Peanuts","mix-nut", 47, 9980, 0.8, FALSE, 19,17);
INSERT INTO ITEMS(CATEGORY_BIG, CATEGORY_SMALL, PNAME, PID, PRICE, WEIGHT, GMO, QUANT, R_NUM) VALUES("fruits","bana/oran","avocado", 48, 1900, 0.4, FALSE, 18,17);
INSERT INTO ITEMS(CATEGORY_BIG, CATEGORY_SMALL, PNAME, PID, PRICE, WEIGHT, GMO, QUANT, R_NUM) VALUES("fruits", "apple/peer","goldenpeer", 49, 11800, 5, FALSE, 38,17);

INSERT INTO CUSTOMER VALUES (1, "1d680x1304499", "010-2609-4102", "GYENGBUK GUMI", NULL, NULL, "EMPLOYEE", 0, 14);
INSERT INTO CUSTOMER VALUES (2,"168908as46999","010-7061-3044", "GYENGBUK POHANG", NULL ,NULL, NULL, 0, 14);
INSERT INTO CUSTOMER VALUES (3,"1613de1657599","010-4555-5426", "SEOUL SONGPA" ,NULL,NULL,NULL, 0,1);
INSERT INTO CUSTOMER VALUES (4,"16qw020192299","010-9230-7323","DAEGU BUKGU",NULL,NULL, NULL, 0,4);
INSERT INTO CUSTOMER VALUES (5,"rr24012538699","010-3626-6130","GYEONGBUK GYEONGJU",NULL,NULL, NULL, 0,14);
INSERT INTO CUSTOMER VALUES (6,"wod0112100999","010-4234-8376","GWANGWON GWANGNEUNG",NULL, NULL, NULL, 0,10);
INSERT INTO CUSTOMER VALUES (7,"16170911279kk","010-3788-9465","GWANGWON PYEONGCHANG",NULL,NULL, NULL, 0,10);
INSERT INTO CUSTOMER VALUES (8,"1664060099", "010-2571-0373","GYEONGGI NAMYANGJU",NULL ,NULL, NULL, 0,9);
INSERT INTO CUSTOMER VALUES (9,"a9020683599","010-1219-6940","GWANGJU GWANGSANGU",NULL,NULL, "teacher", 0,6);
INSERT INTO CUSTOMER VALUES (10,"16600702100b", "010-6297-1605","DAEGU DONGGU",NULL,NULL,"officer", 0,4);
INSERT INTO CUSTOMER VALUES (11,"16840d99","010-8885-7206","GYEONGBUK POHANG",NULL,NULL,"programmer", 0,14);
INSERT INTO CUSTOMER VALUES (12,"1636042acc9","010-9139-2742","BUSAN HAEUNDAEGU",NULL,NULL,"employee", 0,3);
INSERT INTO CUSTOMER VALUES (13,"1636021","010-2689-8923","GYEONGBUK GUMI","M",26,"CEO", 0,14);
INSERT INTO CUSTOMER VALUES (14,"16951001y99","010-2678-9154","GYEONGBUK YEONGJU","M",61, NULL, 0,14);
INSERT INTO CUSTOMER VALUES (15,"16950729","010-1679-1478","GYEONGBUK ANDONG","M",31, NULL, 0,14);
INSERT INTO CUSTOMER VALUES (16,"a10118299","010-6586-2308","JEONBUK JEONJU","M",37,NULL, 0,16);
INSERT INTO CUSTOMER VALUES (17,"dkkk504299","010-8873-9583","JEONBUK GUNSAN","M",25,NULL, 0,16);
INSERT INTO CUSTOMER VALUES (18,"1689u41499","010-7306-4793","JEONNAM NAJU","M",16,NULL, 0,15);
INSERT INTO CUSTOMER VALUES (19,"wkdos499","010-7749-3795","JEONNAM YEOSU","M",26,NULL, 0,15);
INSERT INTO CUSTOMER VALUES (20,"167dfds399","010-6779-9788","SEOUL GANGNAM","M",41,NULL, 0,1);
INSERT INTO CUSTOMER VALUES (21,"1624sdf67699","010-6323-1635","SEOUL GANGBUK","M",17,NULL, 0,1);
INSERT INTO CUSTOMER VALUES (22,"1aa120460899","010-9010-2874","GYEONGGI BUCHOEN","M",28,NULL, 0,9);
INSERT INTO CUSTOMER VALUES (23,"abc99","010-5818-6660","GYEONGGI GOYANG","M",22,NULL, 0,9);
INSERT INTO CUSTOMER VALUES (24,"16dd99","010-4799-0796","GYEONGGI PAJU","M",25,NULL, 0,9);
INSERT INTO CUSTOMER VALUES (25,"1asd8899","010-5849-1704","GYEONGNAM CHANGWON","M",39,NULL, 0,13);
INSERT INTO CUSTOMER VALUES (26,"16zxc499","010-3393-9353","GYEONGNAM YANGSAN","M",32,NULL, 0,13);
INSERT INTO CUSTOMER VALUES (27,"1www","010-2573-7854","GYEONGNAM JINJU","M",47,NULL, 0,13);
INSERT INTO CUSTOMER VALUES (28,"ddd0299", "010-8519-5597","BUSAN GANGSEO","M",14,NULL, 0,3);
INSERT INTO CUSTOMER VALUES (29,"168xzds399","010-1194-3923","INCHEON GYEYANG","M",18,NULL, 0,2);
INSERT INTO CUSTOMER VALUES (30,"a10789999","010-5925-1514","DAEJEON YUSEONG","M",10,NULL, 0,5);
INSERT INTO CUSTOMER VALUES (31,"d2479699","010-2636-0573","GYEONGBUK GIMCHEON","M",38,NULL, 0,14);
INSERT INTO CUSTOMER VALUES (32,"c55091994999","010-2026-0153","GYEONGGI YOUNGIN","M",32,NULL, 0,9);
INSERT INTO CUSTOMER VALUES (33,"1f13399","010-3308-0103","JEONBUK GIMJE","M",10,"Student", 0,16);
INSERT INTO CUSTOMER VALUES (34,"1sdf025899","010-5993-4646","CHUNGNAM BUYEO","M",37,NULL, 0,11);
INSERT INTO CUSTOMER VALUES (35,"dkdkdk05099","010-8572-6537","CHUNGNAM NONSAN","M",24,NULL, 0,11);
INSERT INTO CUSTOMER VALUES (36,"DB91999","010-1267-8208","CHUNGBUK UMSEONG","M",4,"baristar", 0,12);
INSERT INTO CUSTOMER VALUES (37,"dsf0814699","010-4648-0128","DAEGU SUSUNG","M",21, NULL, 0,4);
INSERT INTO CUSTOMER VALUES (38,"suh31696899","010-1823-2838","GYEONGBUK YEOCHEON","M",13, NULL, 0,14);
INSERT INTO CUSTOMER VALUES (39,"lee797999","010-2732-2616","GYEONGBUK MUNGYEONG","M",20,"singer", 0,14);
INSERT INTO CUSTOMER VALUES (40,"aaa354299","010-4594-8485:","GWANGWON CHUNCHEON","M",31,"talent", 0,10);
INSERT INTO CUSTOMER VALUES (41,"165763099","010-4359-1412","GWANGWON YEONGWOL","M",65,"actor", 0,10);
INSERT INTO CUSTOMER VALUES (42,"999rimmy","010-2843-4527","GYEONGGI YEOJU","M",59,"model", 0,9);
INSERT INTO CUSTOMER VALUES (43,"16s9","010-2794-6322","GYEONGGI SUWON","M",48,"announcer", 0,9);
INSERT INTO CUSTOMER VALUES (44,"skdkdk9","010-5801-8724","GYEONGBUK ULJIN", "M" ,18,"PD", 0,14);
INSERT INTO CUSTOMER VALUES (45,"16940a","010-8377-3468","DAEJEON BUKGU","M",17,"youtuber", 0,5);
INSERT INTO CUSTOMER VALUES (46,"a026999","010-8818-5520","GYEONGBUK GUMI", "W",22,"writer", 0,14);
INSERT INTO CUSTOMER VALUES (47,"abided","010-5920-7493","SEOUL GANGDONG", "W",29,"movie director", 0,1);
INSERT INTO CUSTOMER VALUES (48,"huhu123","010-5221-9605","SEOUL SONGPA", "W",33,"designer", 0,1);
INSERT INTO CUSTOMER VALUES (49,"dddkkk","010-1055-6384","SEOUL SEOCHO", "W",55,"hair designer", 0,1);
INSERT INTO CUSTOMER VALUES (50,"163a799","010-3724-5918","JEONBUK GUNSAN", "W",19, NULL, 0,16);
INSERT INTO CUSTOMER VALUES (51,"bcd055699","010-6892-6956","DAEGU BUKGU", "W",31, NULL, 0,4);
INSERT INTO CUSTOMER VALUES (52,"aaaaa499","010-6187-7938","GYEONGBUK SANGJU", "W",43, NULL, 0,14);
INSERT INTO CUSTOMER VALUES (53, "cdf699","010-1361-9849","GYEONGBUK CHILGOK", "W", 31, NULL, 0,14);
INSERT INTO CUSTOMER VALUES (54,"oop9199","010-9088-2386","DAEGU DALSEONG", "W",23,"researcher", 0,4);
INSERT INTO CUSTOMER VALUES (55,"164811178abc","010-9846-5478","DAEGU DALSEO", "W", 52,"consultant", 0,4);
INSERT INTO CUSTOMER VALUES (56,"abc","010-9702-2137","CHUNGNAM GONGJU", "W", 27,NULL, 0,11);
INSERT INTO CUSTOMER VALUES (57,"1ddddd","010-6419-1519","DAEGU NAMGU", "W", 22,"professor", 0,4);
INSERT INTO CUSTOMER VALUES (58,"efgh1345","010-9966-9227","GYEONGBUK GYEONGSAN", "W",21,"teacher", 0,14);
INSERT INTO CUSTOMER VALUES (59,"a99","010-2158-2463","GYEONGGI GAPYEONG", "W", 32,NULL, 0,9);
INSERT INTO CUSTOMER VALUES (60,"bcdefg9099","010-5981-0174","CHUNGBUK CHUNGJU", "W",27,"CEO", 0,12);
INSERT INTO CUSTOMER VALUES (61,"987abc","010-8425-3574","CHUNGBUK G", "W",29,"teacher", 0,12);
INSERT INTO CUSTOMER VALUES (62,"d9d9","010-3232-3993","GWANGJU BUKGU", "W",4,"principal", 0,6);
INSERT INTO CUSTOMER VALUES (63,"zkdl9","010-8798-5386","DAEJEON JUNGGU", "W", 42,"chairman", 0,5);
INSERT INTO CUSTOMER VALUES (64,"1wowns2","010-4939-3772","GYEONGBUK POHANG", "W",43,NULL, 0,14);
INSERT INTO CUSTOMER VALUES (65,"167012249","010-7095-6027","GYEONGBUK GUMI", "W",10,"member of Congress", 0,14);
INSERT INTO CUSTOMER VALUES (66,"1687071899","010-5390-9898","JEONNAM BOSEONG", "W",21,"pilot", 0,15);
INSERT INTO CUSTOMER VALUES (67,"11060516799","010-2941-5422","GYEONGNAM MILYANG", "W",22,NULL, 0,13);
INSERT INTO CUSTOMER VALUES (68,"16310117199","010-9947-7830","GYEONGBUK YECHEON", "W",31,NULL, 0,14);
INSERT INTO CUSTOMER VALUES (69,"1650980299","010-5121-1537","GYEONGBUK ULNEUNG", "W",39,"captain", 0,14);
INSERT INTO CUSTOMER VALUES (70,"1624154299","010-6774-8612","JEJU SEOGUIPO", "W", 26, NULL, 0,17);
INSERT INTO CUSTOMER VALUES (71,"a072793099","010-5099-9651","JEJU JEJU", "W", 21, NULL, 0,17);
INSERT INTO CUSTOMER VALUES (72,"166199","010-2864-2381","CHUNGNAM DANGJIN", "W",24, NULL, 0,11);
INSERT INTO CUSTOMER VALUES (73,"aaaaa999","010-4548-0766","GYEONGGI HWASEONG", "W", 34, NULL, 0,9);
INSERT INTO CUSTOMER VALUES (74,"1670a","010-7971-0745","GYEONGGI OHSAN", "W", 39, NULL, 0,9);
INSERT INTO CUSTOMER VALUES (75,"abcdddddd9","010-8664-0586","GYEONGBUK GUMI","M", 37, NULL, 0,14);
INSERT INTO CUSTOMER VALUES (76,"161907399","010-7910-2396","GYEONGBUK BONGHWA","M",36, NULL, 0,14);
INSERT INTO CUSTOMER VALUES (77,"8012863799","010-2031-1773","GYEONGGI BUCHEON","M",21, NULL, 0,9);
INSERT INTO CUSTOMER VALUES (78,"16022280699","010-7933-8748","GWANGWON JEONGSEON","M",24,"employee", 0,10);
INSERT INTO CUSTOMER VALUES (79,"8071583799","010-1191-7469","GWANGWON YEONGWOL","M",41, NULL, 0,10);
INSERT INTO CUSTOMER VALUES (80,"2111209299","010-8100-0785","GWANGWON TAEBAK","M",45, NULL, 0,10);
INSERT INTO CUSTOMER VALUES (81,"50461799","010-2592-2828","GYEONGBUK POHANG","M",72,"librarian", 0,14);
INSERT INTO CUSTOMER VALUES (82,"6j1101497799","010-4002-6527","GYEONGNAM YEONGYANG","M",81,"employee", 0,13);
INSERT INTO CUSTOMER VALUES (83,"jjjj02110199","010-4635-1408","GYEONGBUK CHEONGSONG","M",63,"security", 0,14);
INSERT INTO CUSTOMER VALUES (84,"1akskdk8399","010-6597-3819","DAEGU SUSUNG","M",70,"teacher", 0,4);
INSERT INTO CUSTOMER VALUES (85,"1kd357399","010-1884-7841","DAEGU SEOGU","M",14,"student", 0,4);
INSERT INTO CUSTOMER VALUES (86,"1631061164599","010-8231-7248","DAEJEON DONGGU","M",34,"employee", 0,5);
INSERT INTO CUSTOMER VALUES (87,"aaa637399","010-8948-4738","ULSAN SEOGU", "M",45,"housewife", 0,7);
INSERT INTO CUSTOMER VALUES (88,"cccc1914899","010-2600-6295","BUSAN GEUMJEONG","M",48,"housewife", 0,3);
INSERT INTO CUSTOMER VALUES (89,"164gu769999","010-6379-4809","BUSAN DONGGU","M",30,"employee", 0,3);
INSERT INTO CUSTOMER VALUES (90,"162aksk399","010-2601-7780","SEOUL MAPO","M",24,"postgraduate student", 0,1);
INSERT INTO CUSTOMER VALUES (91,"111899","010-8028-7558","SEOUL YONGSAN","M",41,NULL, 0,1);
INSERT INTO CUSTOMER VALUES (92,"12345","010-4201-4686","SEOUL YEOUIDO","M",39,"employee", 0,1);
INSERT INTO CUSTOMER VALUES (93,"1hee0699","010-6839-3353","GYEONGGI ANSAN","M",32,"CEO", 0,9);
INSERT INTO CUSTOMER VALUES (94,"1i9","010-4157-1990","SEOUL GANGDONG","M",41,"Official", 0,1);
INSERT INTO CUSTOMER VALUES (95,"hello99","010-9952-4088","GYEONGBUK SEONGJU","M",35,"Farmer", 0,14);
INSERT INTO CUSTOMER VALUES (96,"boyyy499199","010-7884-3670","CHUNGNAM CHEONGYANG","M",37,"Farmer", 0,11);
INSERT INTO CUSTOMER VALUES (97,"yang7499","010-7227-8207","SEJONG","M",36,NULL, 0,8);
INSERT INTO CUSTOMER VALUES (98,"1618090919","010-1860-3163","SEOUL GANGSEO","M",21,"President", 0,1);
INSERT INTO CUSTOMER VALUES (99,"1697619s9","010-4646-7265","INCHEON BUKGU","M",45,NULL, 0,2);
INSERT INTO CUSTOMER VALUES (100,"162djdkd99","010-5941-4009","GYEONGNAM CHANGWON","M",57,"employee", 0,13);
INSERT INTO CUSTOMER VALUES (101,"16730a9","010-6561-6582","GYEONGBUK GUMI","M",22,"business executive", 0,14);
INSERT INTO CUSTOMER VALUES (102,"abc2169299","010-7172-8481","GYEONGBUK ULJIN","W",47,"fisher", 0,14);
INSERT INTO CUSTOMER VALUES (103,"wwww2599","010-6480-5764","SEOUL GANGNAM","M",36,NULL, 0,1);
INSERT INTO CUSTOMER VALUES (104,"1624092449999","010-6537-0053","SEOUL YEONGDEUNGPO","W",19,"employee", 0,1);
INSERT INTO CUSTOMER VALUES (162,"1651102859199","010-7899-7618","SEOUL MAPO","W",29,"Official", 0,1);
INSERT INTO CUSTOMER VALUES (105,"1616012366699","010-1772-4886","SEOUL MAPO","M",23,"Official", 0,1);
INSERT INTO CUSTOMER VALUES (106,"1677031402799","010-1756-7537","DAEGU BUKGU","M",33,"employee", 0,4);
INSERT INTO CUSTOMER VALUES (107,"1668060656499","010-4784-1322","DAEGU SUSUNG","M",54,"employee", 0,4);
INSERT INTO CUSTOMER VALUES (108,"1636101382199","010-4522-5528","GYEONGBUK POHANG","M",44,"employee", 0,14);
INSERT INTO CUSTOMER VALUES (109,"1672100748599","010-3202-8317","GWANGJU SEOGU","M",59, NULL, 0,6);
INSERT INTO CUSTOMER VALUES (110,"1639012480199","010-3976-8239","ULSAN SEOGU","W",51, NULL, 0,7);
INSERT INTO CUSTOMER VALUES (111,"1675071828599","010-5482-8577","DAEJEON SEOGU","W",43, NULL, 0,5);
INSERT INTO CUSTOMER VALUES (112,"1637071072499","010-2186-0562","BUSAN HAEUNDAEGU","W",43, NULL, 0,3);
INSERT INTO CUSTOMER VALUES (113,"1609021247499","010-1806-4172","INCHEON NAMGU","W",35, NULL, 0,2);
INSERT INTO CUSTOMER VALUES (114,"1687051389699","010-7943-3728","GYEONGGI SUWON","M",42, NULL, 0,9);
INSERT INTO CUSTOMER VALUES (115,"1669032672299","010-2678-5085","GYEONGGI HWASUNG","W",33, NULL, 0,9);
INSERT INTO CUSTOMER VALUES (116,"1648121456199","010-7497-5446","GYEONGGI NAMYANGJU","W",25, NULL, 0,9);
INSERT INTO CUSTOMER VALUES (117,"1627071212999","010-6636-4151","GYEONGBUK YEONGJU","M",23, NULL, 0,14);
INSERT INTO CUSTOMER VALUES (118,"1656031051999","010-4240-4892","GYEONGBUK ANDONG","M",28, NULL, 0,14);
INSERT INTO CUSTOMER VALUES (119,"1650071694399","010-5005-2269","GYEONGNAMJINJU","M",41,"employee", 0,13);
INSERT INTO CUSTOMER VALUES (120,"1649021017699","010-2733-6449","GYEONGNAM CHANGWON","M",45,"taxi driver", 0,13);
INSERT INTO CUSTOMER VALUES (121,"1601121227399","010-4574-7280","JEONBUK JEONJU","M",46,"teacher", 0,16);
INSERT INTO CUSTOMER VALUES (122,"1630112186999","010-2007-2157","GWANGWON PYEONGCHANG","M",26,"teacher", 0,10);
INSERT INTO CUSTOMER VALUES (123,"1674030873899","010-6413-3177","GWANGWON CHUNCHEON","M",36,"teacher", 0,10);
INSERT INTO CUSTOMER VALUES (124,"1666040472799","010-5710-9873","GWANGWON GANGNEUNG","M",55,"teacher", 0,10);
INSERT INTO CUSTOMER VALUES (125,"1699092922599","010-3173-2935","GYEONGGI GAPYEONG","M",53,"professor", 0,9);
INSERT INTO CUSTOMER VALUES (126,"1684021070199","010-7746-9695","JEONNAM NAJU","W",33,"programmer", 0,15);
INSERT INTO CUSTOMER VALUES (127,"1661121032399","010-2128-4671","JEONNAM MOKPO","W",45,"programmer", 0,15);
INSERT INTO CUSTOMER VALUES (128,"1661111277499","010-6340-9534","DAEJEON BUKGU","W",21,"researcher", 0,5);
INSERT INTO CUSTOMER VALUES (129,"1632121016999","010-9354-6799","INCHEON BUKGU","M",18,"student", 0,2);
INSERT INTO CUSTOMER VALUES (130,"1626010376599","010-1303-9567","GYEONGGI YEOJU","M",23,"employee", 0,9);
INSERT INTO CUSTOMER VALUES (131,"1667010628599","010-5251-6093","GYEONGBUK CHILGOK","M",25,"employee", 0,14);
INSERT INTO CUSTOMER VALUES (132,"1628041457699","010-7506-6082","JEONNAM SUNCHEON","M",33,"singer", 0,15);
INSERT INTO CUSTOMER VALUES (133,"1690042321699","010-4661-4208","JEONNAM WANDO","M",63,"actor", 0,15);
INSERT INTO CUSTOMER VALUES (134,"1677051940099","010-3824-1591","JEONNAM GWANGYANG","W",41,"talent", 0,15);
INSERT INTO CUSTOMER VALUES (135,"1622121580799","010-4919-1440","JEONBUK GIMJE","W",23,"talent", 0,16);
INSERT INTO CUSTOMER VALUES (136,"1691122188599","010-1995-7204","JEONBUK IKSAN","M",35,"employee", 0,16);
INSERT INTO CUSTOMER VALUES (137,"1630121947099","010-1056-6046","JEONBUK GOCHANG","M",36,"employee", 0,16);
INSERT INTO CUSTOMER VALUES (138,"1682061134099","010-8268-4115","CHUNGNAM GONGJU","W",48,"talent", 0,11);
INSERT INTO CUSTOMER VALUES (139,"1665112308599","010-9242-0806","CHUNGNAM ASAN","W",23,"singer", 0,11);
INSERT INTO CUSTOMER VALUES (140,"1622040434899","010-2419-1295","CHUNGNAM BUYEO","W",24, NULL, 0,11);
INSERT INTO CUSTOMER VALUES (141,"1692112303499","010-1967-2759","CHUNGBUK OKCHEON","W",22,NULL, 0,12);
INSERT INTO CUSTOMER VALUES (142,"1626052638499","010-3591-7261","CHUNGBUK JECHON","W",80, NULL, 0,12);
INSERT INTO CUSTOMER VALUES (143,"1627112730399","010-7854-1826","CHUNGBUK BOEUN","W",31, NULL, 0,12);
INSERT INTO CUSTOMER VALUES (144,"1658112741399","010-9342-8053","GYEONGNAM GEOJE","M",19, NULL, 0,13);
INSERT INTO CUSTOMER VALUES (145,"1691020879299","010-7170-3047","GYEONGNAM GEOCHANG","M",62, NULL, 0,13);
INSERT INTO CUSTOMER VALUES (146,"1680072987699","010-8719-9945","GYEONGNAM TONGYEONG","M",71, "singer", 0,13);
INSERT INTO CUSTOMER VALUES (147,"1606080785499","010-5154-2515","GYEONGNAM GIMHAE","M",24,"employee", 0,13);
INSERT INTO CUSTOMER VALUES (148,"1643070217599","010-8916-0781","GYEONGBUK ANDONG","M",26,"teacher", 0,14);
INSERT INTO CUSTOMER VALUES (149,"1657072112299","010-2535-0954","GYEONGBUK GYEONGJU","M",25,"farmer", 0,14);
INSERT INTO CUSTOMER VALUES (150,"1671043013899","010-9665-8806","GYEONGBUK YEONGJU","M",27,"farmer", 0,14);
INSERT INTO CUSTOMER VALUES (151,"1675111224599","010-1638-3034","ULSAN DONGGU","M",37,"CEO", 0,7);
INSERT INTO CUSTOMER VALUES (152,"1630042581399","010-4272-3027","GYEONGBUK POHANG","W",58,"employee", 0,14);
INSERT INTO CUSTOMER VALUES (153,"1627110101599","010-1783-7988","GYEONGGI GWANGMYEONG","W",48,"researcher", 0,9);
INSERT INTO CUSTOMER VALUES (154,"1648112995799","010-5064-5852","GYEONGGI PYEONGTAEK","W",18,"employee", 0,9);
INSERT INTO CUSTOMER VALUES (155,"1656082431199","010-2904-0917","GYEONGGI ANYANG","W",17,"employee", 0,9);
INSERT INTO CUSTOMER VALUES (156,"1655022259099","010-3462-7108","GYEONGGI HANAM","M",50,"bus driver", 0,9);
INSERT INTO CUSTOMER VALUES (157,"1643052197699","010-9563-2154","GYEONGGI POCHEON","M",42,"taxi driver", 0,9);
INSERT INTO CUSTOMER VALUES (158,"1648083053799","010-9184-7189","SEOUL JONGNO","M",51, NULL, 0,1);
INSERT INTO CUSTOMER VALUES (159,"1616070237299","010-2815-5872","SEOUL GURO","W",41, NULL, 0, 1);

UPDATE ITEMS
SET QUANT = 2200
WHERE QUANT > 20 AND QUANT < 100;

UPDATE ITEMS
SET GMO = NULL;

ALTER TABLE EXIST_ITEMS ADD QUANT INT DEFAULT 0;

INSERT INTO ORIGIN(PLACE, M_NAME, IMPORT_BY, CERT) VALUES("NAMWON", "HA", NULL, NULL);
INSERT INTO ORIGIN(PLACE, M_NAME, IMPORT_BY, CERT) VALUES("YEOUJ", "KANG", NULL, NULL);
INSERT INTO ORIGIN(PLACE, M_NAME, IMPORT_BY, CERT) VALUES("INCHEON", "BAE", NULL, NULL);
INSERT INTO ORIGIN(PLACE, M_NAME, IMPORT_BY, CERT) VALUES("GWANGJU", "BAEK", NULL, NULL);
INSERT INTO ORIGIN(PLACE, M_NAME, IMPORT_BY, CERT) VALUES("DAEJUN", "CHA", NULL, NULL);
INSERT INTO ORIGIN(PLACE, M_NAME, IMPORT_BY, CERT) VALUES("ICHON", "KWON", NULL, NULL);
INSERT INTO ORIGIN(PLACE, M_NAME, IMPORT_BY, CERT) VALUES("CHUNCHON", "KWAK", NULL, NULL);
INSERT INTO ORIGIN(PLACE, M_NAME, IMPORT_BY, CERT) VALUES("DAEGU", "LIM", NULL, NULL);
INSERT INTO ORIGIN(PLACE, M_NAME, IMPORT_BY, CERT) VALUES("GUMI", "YOON", NULL, NULL);
INSERT INTO ORIGIN(PLACE, M_NAME, IMPORT_BY, CERT) VALUES("JINJU", "UM", NULL, NULL);
INSERT INTO ORIGIN(PLACE, M_NAME, IMPORT_BY, CERT) VALUES("S.AFRICA", "GONZAL", NULL, NULL);
INSERT INTO ORIGIN(PLACE, M_NAME, IMPORT_BY, CERT) VALUES("BUSAN", "CHOI", NULL, NULL);
INSERT INTO ORIGIN(PLACE, M_NAME, IMPORT_BY, CERT) VALUES("CHANGWON", "OH", NULL, NULL);
INSERT INTO ORIGIN(PLACE, M_NAME, IMPORT_BY, CERT) VALUES("NAJU", "KIM", NULL, NULL);
INSERT INTO ORIGIN(PLACE, M_NAME, IMPORT_BY, CERT) VALUES("PHILIPHINE", "JACK", NULL, NULL);
INSERT INTO ORIGIN(PLACE, M_NAME, IMPORT_BY, CERT) VALUES("MUNGYEONG", "PARK", NULL, NULL);
INSERT INTO ORIGIN(PLACE, M_NAME, IMPORT_BY, CERT) VALUES("JEJU", "LEE", NULL, NULL);
INSERT INTO ORIGIN(PLACE, M_NAME, IMPORT_BY, CERT) VALUES("YEOSU", "YU", NULL, NULL);
INSERT INTO ORIGIN(PLACE, M_NAME, IMPORT_BY, CERT) VALUES("BUSAN", "JO", NULL, NULL);
INSERT INTO ORIGIN(PLACE, M_NAME, IMPORT_BY, CERT) VALUES("YEONGCHEON", "HAN", NULL, NULL);
INSERT INTO ORIGIN(PLACE, M_NAME, IMPORT_BY, CERT) VALUES("ETIOPIA", "NAR", NULL, NULL);


INSERT INTO SHOPPING VALUES(1,12, 12, "DOMASTIC");
INSERT INTO SHOPPING VALUES(1,12, 13, "DOMASTIC");
INSERT INTO SHOPPING VALUES(1,12, 17, "DOMASTIC");
INSERT INTO SHOPPING VALUES(1,12, 19, "DOMASTIC");
INSERT INTO SHOPPING VALUES(1,12, 27, "DOMASTIC");
INSERT INTO SHOPPING VALUES(1,12, 28, "DOMASTIC");
INSERT INTO SHOPPING VALUES(1,12,39, "DOMASTIC");
INSERT INTO SHOPPING VALUES(1,12,7, "DOMASTIC");
INSERT INTO SHOPPING VALUES(1,12,14, "DOMASTIC");
INSERT INTO SHOPPING VALUES(1,12, 37, "DOMASTIC");

INSERT INTO SHOPPING VALUES(2,12, 10, "DOMASTIC");
INSERT INTO SHOPPING VALUES(2,12, 44, "DOMASTIC");
INSERT INTO SHOPPING VALUES(2,12, 33, "DOMASTIC");
INSERT INTO SHOPPING VALUES(2,12, 36, "DOMASTIC");
INSERT INTO SHOPPING VALUES(2,12, 13, "DOMASTIC");
INSERT INTO SHOPPING VALUES(2,12, 17, "DOMASTIC");
INSERT INTO SHOPPING VALUES(2,12, 23, "DOMASTIC");
INSERT INTO SHOPPING VALUES(2,12, 41, "DOMASTIC");
INSERT INTO SHOPPING VALUES(2,12, 30, "DOMASTIC");
INSERT INTO SHOPPING VALUES(2,12, 31, "DOMASTIC");

INSERT INTO SHOPPING VALUES(3,1, 43, "DOMASTIC");
INSERT INTO SHOPPING VALUES(3,1, 35, "DOMASTIC");
INSERT INTO SHOPPING VALUES(3,1, 40, "DOMASTIC");
INSERT INTO SHOPPING VALUES(3,1, 39, "DOMASTIC");
INSERT INTO SHOPPING VALUES(3,1, 21, "DOMASTIC");
INSERT INTO SHOPPING VALUES(3,1, 23, "DOMASTIC");
INSERT INTO SHOPPING VALUES(3,1, 25, "DOMASTIC");
INSERT INTO SHOPPING VALUES(3,1, 29, "DOMASTIC");
INSERT INTO SHOPPING VALUES(3,1, 19, "DOMASTIC");
INSERT INTO SHOPPING VALUES(3,1, 8, "DOMASTIC");

INSERT INTO SHOPPING VALUES(4,4, 2, "DOMASTIC");
INSERT INTO SHOPPING VALUES(4,4, 3, "DOMASTIC");
INSERT INTO SHOPPING VALUES(4,4, 6, "DOMASTIC");
INSERT INTO SHOPPING VALUES(4,4, 1, "DOMASTIC");
INSERT INTO SHOPPING VALUES(4,4, 3, "DOMASTIC");
INSERT INTO SHOPPING VALUES(4,4, 4, "DOMASTIC");
INSERT INTO SHOPPING VALUES(4,4, 5, "DOMASTIC");
INSERT INTO SHOPPING VALUES(4,4, 42, "DOMASTIC");
INSERT INTO SHOPPING VALUES(4,4, 33, "DOMASTIC");
INSERT INTO SHOPPING VALUES(4,4, 31, "DOMASTIC");

INSERT INTO SHOPPING VALUES(5,12, 30, "DOMASTIC");
INSERT INTO SHOPPING VALUES(5,12, 38, "DOMASTIC");
INSERT INTO SHOPPING VALUES(5,12, 45, "DOMASTIC");
INSERT INTO SHOPPING VALUES(5,12, 23, "DOMASTIC");
INSERT INTO SHOPPING VALUES(5,12, 22, "DOMASTIC");
INSERT INTO SHOPPING VALUES(5,12, 12, "DOMASTIC");
INSERT INTO SHOPPING VALUES(5,12, 13, "DOMASTIC");
INSERT INTO SHOPPING  VALUES(5,12, 27, "DOMASTIC");
INSERT INTO SHOPPING VALUES(5,12, 19, "DOMASTIC");
INSERT INTO SHOPPING VALUES(5,12, 37, "DOMASTIC");

INSERT INTO SHOPPING VALUES(6,10, 38, "DOMASTIC");
INSERT INTO SHOPPING  VALUES(6,10,39, "DOMASTIC");
INSERT INTO SHOPPING  VALUES(6,10,17, "DOMASTIC");
INSERT INTO SHOPPING  VALUES(6,10,14, "DOMASTIC");
INSERT INTO SHOPPING  VALUES(6,10, 27, "DOMASTIC");

INSERT INTO SHOPPING  VALUES(7,9, 15, "DOMASTIC");
INSERT INTO SHOPPING  VALUES(7,9, 14, "DOMASTIC");
INSERT INTO SHOPPING  VALUES(7,9, 31, "DOMASTIC");
INSERT INTO SHOPPING VALUES(7,9, 6, "DOMASTIC");
INSERT INTO SHOPPING  VALUES(7,9, 21, "DOMASTIC");

INSERT INTO SHOPPING  VALUES(8,6, 17, "DOMASTIC");
INSERT INTO SHOPPING  VALUES(8,6, 2, "DOMASTIC");
INSERT INTO SHOPPING  VALUES(8,6, 4, "DOMASTIC");
INSERT INTO SHOPPING VALUES(8,6, 30, "DOMASTIC");
INSERT INTO SHOPPING  VALUES(8,6, 31, "DOMASTIC");

INSERT INTO SHOPPING  VALUES(9,6, 4, "DOMASTIC");
INSERT INTO SHOPPING VALUES(9,6, 5, "DOMASTIC");
INSERT INTO SHOPPING  VALUES(9,6, 4, "DOMASTIC");
INSERT INTO SHOPPING VALUES(9,6, 39, "DOMASTIC");
INSERT INTO SHOPPING  VALUES(9,6, 21, "DOMASTIC");

INSERT INTO SHOPPING  VALUES(10,4, 23, "DOMASTIC");
INSERT INTO SHOPPING  VALUES(10,4, 25, "DOMASTIC");
INSERT INTO SHOPPING  VALUES(10,4, 9, "DOMASTIC");
INSERT INTO SHOPPING VALUES(10,4, 19, "DOMASTIC");
INSERT INTO SHOPPING  VALUES(10,4, 8, "DOMASTIC");

INSERT INTO SHOPPING  VALUES(11,12, 2, "DOMASTIC");
INSERT INTO SHOPPING  VALUES(11,12, 3, "DOMASTIC");
INSERT INTO SHOPPING  VALUES(11,12, 20, "DOMASTIC");
INSERT INTO SHOPPING VALUES(11,12, 41, "DOMASTIC");
INSERT INTO SHOPPING  VALUES(11,12, 43, "DOMASTIC");

INSERT INTO SHOPPING  VALUES(12,3, 44, "DOMASTIC");
INSERT INTO SHOPPING  VALUES(12,3, 25, "DOMASTIC");
INSERT INTO SHOPPING  VALUES(12,3, 42, "DOMASTIC");
INSERT INTO SHOPPING VALUES(12,3, 33, "DOMASTIC");
INSERT INTO SHOPPING  VALUES(12,3, 31, "DOMASTIC");
INSERT INTO SHOPPING  VALUES(12,3, 30, "DOMASTIC");

INSERT INTO SHOPPING  VALUES(13,12, 38, "DOMASTIC");
INSERT INTO SHOPPING  VALUES(13,12, 45, "DOMASTIC");
INSERT INTO SHOPPING  VALUES(13,12, 23, "DOMASTIC");
INSERT INTO SHOPPING  VALUES(13,12, 22, "DOMASTIC");
INSERT INTO SHOPPING VALUES(13,12, 12, "DOMASTIC");

INSERT INTO SHOPPING VALUES(14,12, 13, "DOMASTIC");
INSERT INTO SHOPPING  VALUES(14,12, 7, "DOMASTIC");
INSERT INTO SHOPPING  VALUES(14,12, 29, "DOMASTIC");
INSERT INTO SHOPPING  VALUES(14,12, 37, "DOMASTIC");
INSERT INTO SHOPPING  VALUES(14,12, 48, "DOMASTIC");

INSERT INTO SHOPPING  VALUES(15,12,29, "DOMASTIC");
INSERT INTO SHOPPING  VALUES(15,12,27, "DOMASTIC");
INSERT INTO SHOPPING  VALUES(15,12,14, "DOMASTIC");
INSERT INTO SHOPPING  VALUES(15,12, 27, "DOMASTIC");
INSERT INTO SHOPPING VALUES(15,12, 12, "DOMASTIC");

INSERT INTO SHOPPING VALUES(16,12, 24, "DOMASTIC");
INSERT INTO SHOPPING VALUES(16,12, 33, "DOMASTIC");
INSERT INTO SHOPPING VALUES(16,12, 46, "DOMASTIC");
INSERT INTO SHOPPING VALUES(16,12, 21, "DOMASTIC");
INSERT INTO SHOPPING VALUES(16,12, 17, "DOMASTIC");

INSERT INTO SHOPPING  VALUES(17,16, 22, "DOMASTIC");
INSERT INTO SHOPPING  VALUES(17,16, 24, "DOMASTIC");
INSERT INTO SHOPPING VALUES(17,16, 30, "DOMASTIC");
INSERT INTO SHOPPING  VALUES(17,16, 1, "DOMASTIC");
INSERT INTO SHOPPING VALUES(17,16, 43, "DOMASTIC");
INSERT INTO SHOPPING  VALUES(17,16, 35, "DOMASTIC");

INSERT INTO SHOPPING  VALUES(18,15, 4, "DOMASTIC");
INSERT INTO SHOPPING  VALUES(18,15, 9, "DOMASTIC");
INSERT INTO SHOPPING VALUES(18,15, 21, "DOMASTIC");
INSERT INTO SHOPPING  VALUES(18,15, 3, "DOMASTIC");
INSERT INTO SHOPPING VALUES(18,15, 25, "DOMASTIC");

INSERT INTO SHOPPING VALUES(19,15, 9, "DOMASTIC");
INSERT INTO SHOPPING  VALUES(19,15, 19, "DOMASTIC");
INSERT INTO SHOPPING  VALUES(19,15, 28, "DOMASTIC");
INSERT INTO SHOPPING VALUES(19,15, 2, "DOMASTIC");
INSERT INTO SHOPPING VALUES(19,15, 33, "DOMASTIC");

INSERT INTO SHOPPING  VALUES(20,12, 5, "DOMASTIC");
INSERT INTO SHOPPING  VALUES(20,12, 21, "DOMASTIC");
INSERT INTO SHOPPING  VALUES(20,12, 34, "DOMASTIC");
INSERT INTO SHOPPING  VALUES(20,12, 42, "DOMASTIC");
INSERT INTO SHOPPING  VALUES(20,12, 51, "DOMASTIC");

INSERT INTO SHOPPING  VALUES(41,1, 42, "DOMASTIC");
INSERT INTO SHOPPING  VALUES(124,1, 33, "DOMASTIC");
INSERT INTO SHOPPING  VALUES(48,1, 31, "DOMASTIC");
INSERT INTO SHOPPING  VALUES(49,1, 30, "DOMASTIC");
INSERT INTO SHOPPING  VALUES(43,1, 38, "DOMASTIC");
INSERT INTO SHOPPING  VALUES(40,1, 45, "DOMASTIC");
INSERT INTO SHOPPING  VALUES(42,1, 23, "DOMASTIC");
INSERT INTO SHOPPING  VALUES(44,1, 22, "DOMASTIC");

INSERT INTO SHOPPING  VALUES(31,1, 12, "DOMASTIC");
INSERT INTO SHOPPING VALUES(92,1, 13, "DOMASTIC");
INSERT INTO SHOPPING  VALUES(93,1, 37, "DOMASTIC");
INSERT INTO SHOPPING VALUES(94,1, 22, "DOMASTIC");
INSERT INTO SHOPPING VALUES(95,1, 17, "DOMASTIC");
INSERT INTO SHOPPING VALUES(106,1, 28, "DOMASTIC");
INSERT INTO SHOPPING VALUES(17,1, 49, "DOMASTIC");
INSERT INTO SHOPPING VALUES(18,1, 27, "DOMASTIC");
INSERT INTO SHOPPING VALUES(19,1, 14, "DOMASTIC");
INSERT INTO SHOPPING VALUES(10,1, 27, "DOMASTIC");
INSERT INTO SHOPPING VALUES(121,1, 40, "DOMASTIC");
INSERT INTO SHOPPING VALUES(132,1, 24, "DOMASTIC");
INSERT INTO SHOPPING VALUES(151,1, 23, "DOMASTIC");
INSERT INTO SHOPPING VALUES(149,1, 36, "DOMASTIC");
INSERT INTO SHOPPING VALUES(120,1, 41, "DOMASTIC");
INSERT INTO SHOPPING VALUES(121,1, 17, "DOMASTIC");
INSERT INTO SHOPPING VALUES(122,1, 12, "DOMASTIC");
INSERT INTO SHOPPING VALUES(130,1, 24, "DOMASTIC");
INSERT INTO SHOPPING VALUES(132,1, 30, "DOMASTIC");
INSERT INTO SHOPPING VALUES(137,1, 1, "DOMASTIC");
INSERT INTO SHOPPING VALUES(140,1, 43, "DOMASTIC");
INSERT INTO SHOPPING VALUES(141,1, 5, "DOMASTIC");
INSERT INTO SHOPPING VALUES(150,1, 20, "DOMASTIC");
INSERT INTO SHOPPING VALUES(152,1, 9, "DOMASTIC");
INSERT INTO SHOPPING VALUES(153,1, 21, "DOMASTIC");
INSERT INTO SHOPPING VALUES(154,1, 23, "DOMASTIC");
INSERT INTO SHOPPING VALUES(155,1, 25, "DOMASTIC");
INSERT INTO SHOPPING VALUES(26,1, 29, "DOMASTIC");
INSERT INTO SHOPPING VALUES(68,1, 19, "DOMASTIC");
INSERT INTO SHOPPING VALUES(21,1, 28, "DOMASTIC");
INSERT INTO SHOPPING VALUES(5,1, 32, "DOMASTIC");
INSERT INTO SHOPPING VALUES(3,1, 33, "DOMASTIC");
INSERT INTO SHOPPING VALUES(6,1, 40, "DOMASTIC");
INSERT INTO SHOPPING VALUES(60,1, 11, "DOMASTIC");
INSERT INTO SHOPPING VALUES(7,1, 31, "DOMASTIC");
INSERT INTO SHOPPING VALUES(3,1, 42, "DOMASTIC");
INSERT INTO SHOPPING VALUES(4,1, 15, "DOMASTIC");
INSERT INTO SHOPPING VALUES(11,1, 42, "DOMASTIC");
INSERT INTO SHOPPING VALUES(4,1, 3, "DOMASTIC");
INSERT INTO SHOPPING VALUES(8,1, 1, "DOMASTIC");
INSERT INTO SHOPPING VALUES(9,1, 10, "DOMASTIC");
INSERT INTO SHOPPING VALUES(3,1, 8, "DOMASTIC");
INSERT INTO SHOPPING VALUES(14,1, 5, "DOMASTIC");
INSERT INTO SHOPPING VALUES(122,1, 33, "DOMASTIC");
INSERT INTO SHOPPING VALUES(124,1, 32, "DOMASTIC");


CREATE TABLE ORDER_DETAIL(
                          C_ID INT NOT NULL,
                          P_ID INT NOT NULL,
                          ORDER_DATE DATE NOT NULL);
ALTER TABLE ORDER_INFO DROP COLUMN ORDER_DATE;


INSERT INTO ORDER_INFO VALUES (1);
INSERT INTO ORDER_INFO VALUES (2);
INSERT INTO ORDER_INFO VALUES (3);
INSERT INTO ORDER_INFO VALUES (4);
INSERT INTO ORDER_INFO VALUES (5);
INSERT INTO ORDER_INFO VALUES (6);
INSERT INTO ORDER_INFO VALUES (7);
INSERT INTO ORDER_INFO VALUES (8);
INSERT INTO ORDER_INFO VALUES (9);
INSERT INTO ORDER_INFO VALUES (10);
INSERT INTO ORDER_INFO VALUES (11);
INSERT INTO ORDER_INFO VALUES (12);
INSERT INTO ORDER_INFO VALUES (13);
INSERT INTO ORDER_INFO VALUES (14);
INSERT INTO ORDER_INFO VALUES (15);
INSERT INTO ORDER_INFO VALUES (16);
INSERT INTO ORDER_INFO VALUES (17);
INSERT INTO ORDER_INFO VALUES (18);
INSERT INTO ORDER_INFO VALUES (19);
INSERT INTO ORDER_INFO VALUES (20);
INSERT INTO ORDER_INFO VALUES (21);
INSERT INTO ORDER_INFO VALUES (22);
INSERT INTO ORDER_INFO VALUES (23);
INSERT INTO ORDER_INFO VALUES (24);
INSERT INTO ORDER_INFO VALUES (25);
INSERT INTO ORDER_INFO VALUES (26);
INSERT INTO ORDER_INFO VALUES (27);
INSERT INTO ORDER_INFO VALUES (28);
INSERT INTO ORDER_INFO VALUES (29);
INSERT INTO ORDER_INFO VALUES (30);
INSERT INTO ORDER_INFO VALUES (31);
INSERT INTO ORDER_INFO VALUES (32);
INSERT INTO ORDER_INFO VALUES (33);
INSERT INTO ORDER_INFO VALUES (34);
INSERT INTO ORDER_INFO VALUES (35);
INSERT INTO ORDER_INFO VALUES (36);
INSERT INTO ORDER_INFO VALUES (37);
INSERT INTO ORDER_INFO VALUES (38);
INSERT INTO ORDER_INFO VALUES (39);
INSERT INTO ORDER_INFO VALUES (40);
INSERT INTO ORDER_INFO VALUES (41);
INSERT INTO ORDER_INFO VALUES (42);
INSERT INTO ORDER_INFO VALUES (43);
INSERT INTO ORDER_INFO VALUES (44);
INSERT INTO ORDER_INFO VALUES (45);
INSERT INTO ORDER_INFO VALUES (46);
INSERT INTO ORDER_INFO VALUES (47);
INSERT INTO ORDER_INFO VALUES (48);
INSERT INTO ORDER_INFO VALUES (49);
INSERT INTO ORDER_INFO VALUES (50);
INSERT INTO ORDER_INFO VALUES (51);
INSERT INTO ORDER_INFO VALUES (52);
INSERT INTO ORDER_INFO VALUES (53);
INSERT INTO ORDER_INFO VALUES (54);
INSERT INTO ORDER_INFO VALUES (55);
INSERT INTO ORDER_INFO VALUES (56);
INSERT INTO ORDER_INFO VALUES (57);
INSERT INTO ORDER_INFO VALUES (58);
INSERT INTO ORDER_INFO VALUES (59);
INSERT INTO ORDER_INFO VALUES (60);
INSERT INTO ORDER_INFO VALUES (61);
INSERT INTO ORDER_INFO VALUES (62);
INSERT INTO ORDER_INFO VALUES (63);
INSERT INTO ORDER_INFO VALUES (64);
INSERT INTO ORDER_INFO VALUES (65);
INSERT INTO ORDER_INFO VALUES (66);
INSERT INTO ORDER_INFO VALUES (67);
INSERT INTO ORDER_INFO VALUES (68);
INSERT INTO ORDER_INFO VALUES (69);
INSERT INTO ORDER_INFO VALUES (70);
INSERT INTO ORDER_INFO VALUES (71);
INSERT INTO ORDER_INFO VALUES (72);
INSERT INTO ORDER_INFO VALUES (73);
INSERT INTO ORDER_INFO VALUES (74);
INSERT INTO ORDER_INFO VALUES (75);
INSERT INTO ORDER_INFO VALUES (76);
INSERT INTO ORDER_INFO VALUES (77);
INSERT INTO ORDER_INFO VALUES (78);
INSERT INTO ORDER_INFO VALUES (79);
INSERT INTO ORDER_INFO VALUES (80);
INSERT INTO ORDER_INFO VALUES (81);
INSERT INTO ORDER_INFO VALUES (82);
INSERT INTO ORDER_INFO VALUES (83);
INSERT INTO ORDER_INFO VALUES (84);
INSERT INTO ORDER_INFO VALUES (85);
INSERT INTO ORDER_INFO VALUES (86);
INSERT INTO ORDER_INFO VALUES (87);
INSERT INTO ORDER_INFO VALUES (88);
INSERT INTO ORDER_INFO VALUES (89);
INSERT INTO ORDER_INFO VALUES (90);
INSERT INTO ORDER_INFO VALUES (91);
INSERT INTO ORDER_INFO VALUES (92);
INSERT INTO ORDER_INFO VALUES (93);
INSERT INTO ORDER_INFO VALUES (94);
INSERT INTO ORDER_INFO VALUES (95);
INSERT INTO ORDER_INFO VALUES (96);
INSERT INTO ORDER_INFO VALUES (97);
INSERT INTO ORDER_INFO VALUES (98);
INSERT INTO ORDER_INFO VALUES (99);
INSERT INTO ORDER_INFO VALUES (100);

INSERT INTO ORDER_INFO VALUES (101);
INSERT INTO ORDER_INFO VALUES (102);
INSERT INTO ORDER_INFO VALUES (103);
INSERT INTO ORDER_INFO VALUES (104);
INSERT INTO ORDER_INFO VALUES (105);
INSERT INTO ORDER_INFO VALUES (106);
INSERT INTO ORDER_INFO VALUES (107);
INSERT INTO ORDER_INFO VALUES (108);
INSERT INTO ORDER_INFO VALUES (109);
INSERT INTO ORDER_INFO VALUES (110);
INSERT INTO ORDER_INFO VALUES (111);
INSERT INTO ORDER_INFO VALUES (112);
INSERT INTO ORDER_INFO VALUES (113);
INSERT INTO ORDER_INFO VALUES (114);
INSERT INTO ORDER_INFO VALUES (115);
INSERT INTO ORDER_INFO VALUES (116);
INSERT INTO ORDER_INFO VALUES (117);
INSERT INTO ORDER_INFO VALUES (118);
INSERT INTO ORDER_INFO VALUES (119);
INSERT INTO ORDER_INFO VALUES (120);
INSERT INTO ORDER_INFO VALUES (121);
INSERT INTO ORDER_INFO VALUES (122);
INSERT INTO ORDER_INFO VALUES (123);
INSERT INTO ORDER_INFO VALUES (124);
INSERT INTO ORDER_INFO VALUES (125);
INSERT INTO ORDER_INFO VALUES (126);
INSERT INTO ORDER_INFO VALUES (127);
INSERT INTO ORDER_INFO VALUES (128);
INSERT INTO ORDER_INFO VALUES (129);
INSERT INTO ORDER_INFO VALUES (130);
INSERT INTO ORDER_INFO VALUES (131);
INSERT INTO ORDER_INFO VALUES (132);
INSERT INTO ORDER_INFO VALUES (133);
INSERT INTO ORDER_INFO VALUES (134);
INSERT INTO ORDER_INFO VALUES (135);
INSERT INTO ORDER_INFO VALUES (136);
INSERT INTO ORDER_INFO VALUES (137);
INSERT INTO ORDER_INFO VALUES (138);
INSERT INTO ORDER_INFO VALUES (139);
INSERT INTO ORDER_INFO VALUES (140);
INSERT INTO ORDER_INFO VALUES (141);
INSERT INTO ORDER_INFO VALUES (142);
INSERT INTO ORDER_INFO VALUES (143);
INSERT INTO ORDER_INFO VALUES (144);
INSERT INTO ORDER_INFO VALUES (145);
INSERT INTO ORDER_INFO VALUES (146);
INSERT INTO ORDER_INFO VALUES (147);
INSERT INTO ORDER_INFO VALUES (148);
INSERT INTO ORDER_INFO VALUES (149);
INSERT INTO ORDER_INFO VALUES (150);
INSERT INTO ORDER_INFO VALUES (151);
INSERT INTO ORDER_INFO VALUES (152);
INSERT INTO ORDER_INFO VALUES (153);
INSERT INTO ORDER_INFO VALUES (154);
INSERT INTO ORDER_INFO VALUES (155);
INSERT INTO ORDER_INFO VALUES (156);
INSERT INTO ORDER_INFO VALUES (157);
INSERT INTO ORDER_INFO VALUES (158);
INSERT INTO ORDER_INFO VALUES (159);
INSERT INTO ORDER_INFO VALUES (160);
INSERT INTO ORDER_INFO VALUES (161);
INSERT INTO ORDER_INFO VALUES (162);*/


INSERT INTO ORDER_DETAIL(C_ID, P_ID, ORDER_DATE) VALUES(8, 1, "2017-10-01");
INSERT INTO ORDER_DETAIL(C_ID, P_ID, ORDER_DATE) VALUES(24, 49, "2017-10-02");
INSERT INTO ORDER_DETAIL(C_ID, P_ID, ORDER_DATE) VALUES(131, 21, "2017-10-03");
INSERT INTO ORDER_DETAIL(C_ID, P_ID, ORDER_DATE) VALUES(145, 37, "2016-09-04");
INSERT INTO ORDER_DETAIL(C_ID, P_ID, ORDER_DATE) VALUES(24, 44, "2017-09-05");
INSERT INTO ORDER_DETAIL(C_ID, P_ID, ORDER_DATE) VALUES(91, 10, "2017-09-06");
INSERT INTO ORDER_DETAIL(C_ID, P_ID, ORDER_DATE) VALUES(43, 7, "2017-08-07");
INSERT INTO ORDER_DETAIL(C_ID, P_ID, ORDER_DATE) VALUES(88, 48, "2017-08-08");
INSERT INTO ORDER_DETAIL(C_ID, P_ID, ORDER_DATE) VALUES(128, 12, "2017-08-09");
INSERT INTO ORDER_DETAIL(C_ID, P_ID, ORDER_DATE) VALUES(41, 4, "2017-07-10");
INSERT INTO ORDER_DETAIL(C_ID, P_ID, ORDER_DATE) VALUES(1, 6, "2017-07-11");
INSERT INTO ORDER_DETAIL(C_ID, P_ID, ORDER_DATE) VALUES(1, 7, "2017-07-11");
INSERT INTO ORDER_DETAIL(C_ID, P_ID, ORDER_DATE) VALUES(1, 8, "2017-07-11");
INSERT INTO ORDER_DETAIL(C_ID, P_ID, ORDER_DATE) VALUES(1, 9, "2017-07-11");
INSERT INTO ORDER_DETAIL(C_ID, P_ID, ORDER_DATE) VALUES(1, 26, "2017-07-11");
INSERT INTO ORDER_DETAIL(C_ID, P_ID, ORDER_DATE) VALUES(1, 16, "2017-07-11");
INSERT INTO ORDER_DETAIL(C_ID, P_ID, ORDER_DATE) VALUES(10, 1, "2017-07-12");
INSERT INTO ORDER_DETAIL(C_ID, P_ID, ORDER_DATE) VALUES(11, 18, "2017-06-13");
INSERT INTO ORDER_DETAIL(C_ID, P_ID, ORDER_DATE) VALUES(100, 10, "2017-06-14");
INSERT INTO ORDER_DETAIL(C_ID, P_ID, ORDER_DATE) VALUES(117, 3, "2017-06-15");
INSERT INTO ORDER_DETAIL(C_ID, P_ID, ORDER_DATE) VALUES(98, 18, "2017-05-16");
INSERT INTO ORDER_DETAIL(C_ID, P_ID, ORDER_DATE) VALUES(63, 7, "2017-05-17");
INSERT INTO ORDER_DETAIL(C_ID, P_ID, ORDER_DATE) VALUES(111, 41, "2017-05-18");
INSERT INTO ORDER_DETAIL(C_ID, P_ID, ORDER_DATE) VALUES(80, 44, "2017-04-19");
INSERT INTO ORDER_DETAIL(C_ID, P_ID, ORDER_DATE) VALUES(130, 26, "2017-04-20");
INSERT INTO ORDER_DETAIL(C_ID, P_ID, ORDER_DATE) VALUES(68, 15, "2017-04-21");
INSERT INTO ORDER_DETAIL(C_ID, P_ID, ORDER_DATE) VALUES(44, 8, "2017-03-22");
INSERT INTO ORDER_DETAIL(C_ID, P_ID, ORDER_DATE) VALUES(36, 41, "2017-03-23");
INSERT INTO ORDER_DETAIL(C_ID, P_ID, ORDER_DATE) VALUES(129, 40, "2017-03-24");
INSERT INTO ORDER_DETAIL(C_ID, P_ID, ORDER_DATE) VALUES(145, 10, "2017-02-25");
INSERT INTO ORDER_DETAIL(C_ID, P_ID, ORDER_DATE) VALUES(145, 11, "2017-02-25");
INSERT INTO ORDER_DETAIL(C_ID, P_ID, ORDER_DATE) VALUES(145, 12, "2017-02-25");
INSERT INTO ORDER_DETAIL(C_ID, P_ID, ORDER_DATE) VALUES(145, 15, "2017-02-25");
INSERT INTO ORDER_DETAIL(C_ID, P_ID, ORDER_DATE) VALUES(145, 16, "2017-02-25");
INSERT INTO ORDER_DETAIL(C_ID, P_ID, ORDER_DATE) VALUES(145, 17, "2017-02-25");
INSERT INTO ORDER_DETAIL(C_ID, P_ID, ORDER_DATE) VALUES(102, 20, "2017-02-26");
INSERT INTO ORDER_DETAIL(C_ID, P_ID, ORDER_DATE) VALUES(59, 16, "2017-02-27");
INSERT INTO ORDER_DETAIL(C_ID, P_ID, ORDER_DATE) VALUES(119, 18, "2017-01-28");
INSERT INTO ORDER_DETAIL(C_ID, P_ID, ORDER_DATE) VALUES(25, 8, "2017-01-29");
INSERT INTO ORDER_DETAIL(C_ID, P_ID, ORDER_DATE) VALUES(31, 8, "2017-01-30");
INSERT INTO ORDER_DETAIL(C_ID, P_ID, ORDER_DATE) VALUES(23, 36, "2016-12-01");
INSERT INTO ORDER_DETAIL(C_ID, P_ID, ORDER_DATE) VALUES(100, 25, "2016-12-02");
INSERT INTO ORDER_DETAIL(C_ID, P_ID, ORDER_DATE) VALUES(102, 23, "2016-12-03");
INSERT INTO ORDER_DETAIL(C_ID, P_ID, ORDER_DATE) VALUES(28, 36, "2016-11-04");
INSERT INTO ORDER_DETAIL(C_ID, P_ID, ORDER_DATE) VALUES(79, 25, "2016-11-05");
INSERT INTO ORDER_DETAIL(C_ID, P_ID, ORDER_DATE) VALUES(149, 21, "2016-11-06");
INSERT INTO ORDER_DETAIL(C_ID, P_ID, ORDER_DATE) VALUES(86, 7, "2016-10-07");
INSERT INTO ORDER_DETAIL(C_ID, P_ID, ORDER_DATE) VALUES(86, 17, "2016-10-07");
INSERT INTO ORDER_DETAIL(C_ID, P_ID, ORDER_DATE) VALUES(86, 27, "2016-10-07");
INSERT INTO ORDER_DETAIL(C_ID, P_ID, ORDER_DATE) VALUES(86, 33, "2016-10-07");
INSERT INTO ORDER_DETAIL(C_ID, P_ID, ORDER_DATE) VALUES(86, 12, "2016-10-07");
INSERT INTO ORDER_DETAIL(C_ID, P_ID, ORDER_DATE) VALUES(86, 18, "2016-10-07");
INSERT INTO ORDER_DETAIL(C_ID, P_ID, ORDER_DATE) VALUES(16, 9, "2016-10-08");
INSERT INTO ORDER_DETAIL(C_ID, P_ID, ORDER_DATE) VALUES(16, 19, "2016-10-08");
INSERT INTO ORDER_DETAIL(C_ID, P_ID, ORDER_DATE) VALUES(16, 29, "2016-10-08");
INSERT INTO ORDER_DETAIL(C_ID, P_ID, ORDER_DATE) VALUES(16, 39, "2016-10-08");
INSERT INTO ORDER_DETAIL(C_ID, P_ID, ORDER_DATE) VALUES(16, 5, "2016-10-08");
INSERT INTO ORDER_DETAIL(C_ID, P_ID, ORDER_DATE) VALUES(16, 6, "2016-10-08");
INSERT INTO ORDER_DETAIL(C_ID, P_ID, ORDER_DATE) VALUES(16, 7, "2016-10-08");
INSERT INTO ORDER_DETAIL(C_ID, P_ID, ORDER_DATE) VALUES(114, 27, "2017-09-09");
INSERT INTO ORDER_DETAIL(C_ID, P_ID, ORDER_DATE) VALUES(114, 2, "2017-09-09");
INSERT INTO ORDER_DETAIL(C_ID, P_ID, ORDER_DATE) VALUES(114, 37, "2017-09-09");
INSERT INTO ORDER_DETAIL(C_ID, P_ID, ORDER_DATE) VALUES(114, 11, "2017-09-09");
INSERT INTO ORDER_DETAIL(C_ID, P_ID, ORDER_DATE) VALUES(114, 15, "2017-09-09");
INSERT INTO ORDER_DETAIL(C_ID, P_ID, ORDER_DATE) VALUES(126, 6, "2018-09-10");
INSERT INTO ORDER_DETAIL(C_ID, P_ID, ORDER_DATE) VALUES(16, 32, "2017-09-11");
INSERT INTO ORDER_DETAIL(C_ID, P_ID, ORDER_DATE) VALUES(130, 29, "2018-08-12");
INSERT INTO ORDER_DETAIL(C_ID, P_ID, ORDER_DATE) VALUES(130, 9, "2018-08-12");
INSERT INTO ORDER_DETAIL(C_ID, P_ID, ORDER_DATE) VALUES(130, 31, "2018-08-12");
INSERT INTO ORDER_DETAIL(C_ID, P_ID, ORDER_DATE) VALUES(130, 25, "2018-08-12");
INSERT INTO ORDER_DETAIL(C_ID, P_ID, ORDER_DATE) VALUES(130, 39, "2018-08-12");
INSERT INTO ORDER_DETAIL(C_ID, P_ID, ORDER_DATE) VALUES(130, 41, "2018-08-12");
INSERT INTO ORDER_DETAIL(C_ID, P_ID, ORDER_DATE) VALUES(18, 39, "2017-08-14");
INSERT INTO ORDER_DETAIL(C_ID, P_ID, ORDER_DATE) VALUES(106, 4, "2018-08-13");
INSERT INTO ORDER_DETAIL(C_ID, P_ID, ORDER_DATE) VALUES(52, 39, "2017-07-15");
INSERT INTO ORDER_DETAIL(C_ID, P_ID, ORDER_DATE) VALUES(139, 44, "2018-07-16");
INSERT INTO ORDER_DETAIL(C_ID, P_ID, ORDER_DATE) VALUES(6, 17, "2017-07-17");
INSERT INTO ORDER_DETAIL(C_ID, P_ID, ORDER_DATE) VALUES(103, 21, "2018-06-18");
INSERT INTO ORDER_DETAIL(C_ID, P_ID, ORDER_DATE) VALUES(17, 48, "2017-06-19");
INSERT INTO ORDER_DETAIL(C_ID, P_ID, ORDER_DATE) VALUES(39, 11, "2018-06-20");
INSERT INTO ORDER_DETAIL(C_ID, P_ID, ORDER_DATE) VALUES(52, 36, "2017-05-21");
INSERT INTO ORDER_DETAIL(C_ID, P_ID, ORDER_DATE) VALUES(72, 4, "2018-05-22");
INSERT INTO ORDER_DETAIL(C_ID, P_ID, ORDER_DATE) VALUES(138, 15, "2017-05-23");
INSERT INTO ORDER_DETAIL(C_ID, P_ID, ORDER_DATE) VALUES(128, 18, "2018-04-24");
INSERT INTO ORDER_DETAIL(C_ID, P_ID, ORDER_DATE) VALUES(145, 42, "2017-04-25");
INSERT INTO ORDER_DETAIL(C_ID, P_ID, ORDER_DATE) VALUES(60, 3, "2018-04-26");
INSERT INTO ORDER_DETAIL(C_ID, P_ID, ORDER_DATE) VALUES(96, 12, "2017-03-27");
INSERT INTO ORDER_DETAIL(C_ID, P_ID, ORDER_DATE) VALUES(136, 42, "2018-03-28");
INSERT INTO ORDER_DETAIL(C_ID, P_ID, ORDER_DATE) VALUES(143, 39, "2017-03-29");
INSERT INTO ORDER_DETAIL(C_ID, P_ID, ORDER_DATE) VALUES(69, 43, "2018-02-01");
INSERT INTO ORDER_DETAIL(C_ID, P_ID, ORDER_DATE) VALUES(61, 12, "2017-02-02");
INSERT INTO ORDER_DETAIL(C_ID, P_ID, ORDER_DATE) VALUES(145, 7, "2018-02-03");
INSERT INTO ORDER_DETAIL(C_ID, P_ID, ORDER_DATE) VALUES(146, 12, "2017-01-04");
INSERT INTO ORDER_DETAIL(C_ID, P_ID, ORDER_DATE) VALUES(114, 9, "2018-01-05");
INSERT INTO ORDER_DETAIL(C_ID, P_ID, ORDER_DATE) VALUES(107, 13, "2017-01-06");
INSERT INTO ORDER_DETAIL(C_ID, P_ID, ORDER_DATE) VALUES(143, 18, "2018-12-07");
INSERT INTO ORDER_DETAIL(C_ID, P_ID, ORDER_DATE) VALUES(83, 16, "2017-12-08");
INSERT INTO ORDER_DETAIL(C_ID, P_ID, ORDER_DATE) VALUES(68, 48, "2018-12-09");
INSERT INTO ORDER_DETAIL(C_ID, P_ID, ORDER_DATE) VALUES(46, 23, "2017-11-10");
INSERT INTO ORDER_DETAIL(C_ID, P_ID, ORDER_DATE) VALUES(22, 17, "2018-11-11");
INSERT INTO ORDER_DETAIL(C_ID, P_ID, ORDER_DATE) VALUES(141, 17, "2017-11-12");
INSERT INTO ORDER_DETAIL(C_ID, P_ID, ORDER_DATE) VALUES(39, 27, "2018-10-13");
INSERT INTO ORDER_DETAIL(C_ID, P_ID, ORDER_DATE) VALUES(17, 30, "2017-10-14");
INSERT INTO ORDER_DETAIL(C_ID, P_ID, ORDER_DATE) VALUES(141, 40, "2018-10-15");
INSERT INTO ORDER_DETAIL(C_ID, P_ID, ORDER_DATE) VALUES(36, 41, "2017-09-16");
INSERT INTO ORDER_DETAIL(C_ID, P_ID, ORDER_DATE) VALUES(123, 43, "2018-10-17");
INSERT INTO ORDER_DETAIL(C_ID, P_ID, ORDER_DATE) VALUES(46, 18, "2017-10-18");
INSERT INTO ORDER_DETAIL(C_ID, P_ID, ORDER_DATE) VALUES(55, 47, "2018-10-19");
INSERT INTO ORDER_DETAIL(C_ID, P_ID, ORDER_DATE) VALUES(140, 35, "2017-10-20");
INSERT INTO ORDER_DETAIL(C_ID, P_ID, ORDER_DATE) VALUES(56, 12, "2018-10-21");
INSERT INTO ORDER_DETAIL(C_ID, P_ID, ORDER_DATE) VALUES(124, 1, "2017-10-22");
INSERT INTO ORDER_DETAIL(C_ID, P_ID, ORDER_DATE) VALUES(114, 10, "2018-10-23");
INSERT INTO ORDER_DETAIL(C_ID, P_ID, ORDER_DATE) VALUES(139, 15, "2017-10-24");
INSERT INTO ORDER_DETAIL(C_ID, P_ID, ORDER_DATE) VALUES(121, 36, "2018-10-25");
INSERT INTO ORDER_DETAIL(C_ID, P_ID, ORDER_DATE) VALUES(17, 44, "2017-10-26");
INSERT INTO ORDER_DETAIL(C_ID, P_ID, ORDER_DATE) VALUES(27, 44, "2018-10-27");
INSERT INTO ORDER_DETAIL(C_ID, P_ID, ORDER_DATE) VALUES(27, 4, "2018-10-27");
INSERT INTO ORDER_DETAIL(C_ID, P_ID, ORDER_DATE) VALUES(27, 5, "2018-10-27");
INSERT INTO ORDER_DETAIL(C_ID, P_ID, ORDER_DATE) VALUES(27, 6, "2018-10-27");
INSERT INTO ORDER_DETAIL(C_ID, P_ID, ORDER_DATE) VALUES(27, 12, "2018-10-27");
INSERT INTO ORDER_DETAIL(C_ID, P_ID, ORDER_DATE) VALUES(27, 30, "2018-10-27");
INSERT INTO ORDER_DETAIL(C_ID, P_ID, ORDER_DATE) VALUES(14, 34, "2017-10-28");
INSERT INTO ORDER_DETAIL(C_ID, P_ID, ORDER_DATE) VALUES(95, 11, "2018-10-29");
INSERT INTO ORDER_DETAIL(C_ID, P_ID, ORDER_DATE) VALUES(51, 39, "2017-10-04");
INSERT INTO ORDER_DETAIL(C_ID, P_ID, ORDER_DATE) VALUES(74, 34, "2018-10-21");
INSERT INTO ORDER_DETAIL(C_ID, P_ID, ORDER_DATE) VALUES(86, 14, "2017-07-28");
INSERT INTO ORDER_DETAIL(C_ID, P_ID, ORDER_DATE) VALUES(123, 35, "2018-03-26");
INSERT INTO ORDER_DETAIL(C_ID, P_ID, ORDER_DATE) VALUES(48, 4, "2017-10-25");
INSERT INTO ORDER_DETAIL(C_ID, P_ID, ORDER_DATE) VALUES(48, 14, "2017-10-25");
INSERT INTO ORDER_DETAIL(C_ID, P_ID, ORDER_DATE) VALUES(48, 24, "2017-10-25");
INSERT INTO ORDER_DETAIL(C_ID, P_ID, ORDER_DATE) VALUES(48, 34, "2017-10-25");
INSERT INTO ORDER_DETAIL(C_ID, P_ID, ORDER_DATE) VALUES(48, 30, "2017-10-25");
INSERT INTO ORDER_DETAIL(C_ID, P_ID, ORDER_DATE) VALUES(48, 27, "2017-10-25");
INSERT INTO ORDER_DETAIL(C_ID, P_ID, ORDER_DATE) VALUES(47, 25, "2018-10-28");
INSERT INTO ORDER_DETAIL(C_ID, P_ID, ORDER_DATE) VALUES(74, 33, "2017-02-26");
INSERT INTO ORDER_DETAIL(C_ID, P_ID, ORDER_DATE) VALUES(45, 40, "2018-10-18");
INSERT INTO ORDER_DETAIL(C_ID, P_ID, ORDER_DATE) VALUES(86, 26, "2017-10-25");
INSERT INTO ORDER_DETAIL(C_ID, P_ID, ORDER_DATE) VALUES(76, 24, "2018-06-28");
INSERT INTO ORDER_DETAIL(C_ID, P_ID, ORDER_DATE) VALUES(143, 42, "2017-06-25");
INSERT INTO ORDER_DETAIL(C_ID, P_ID, ORDER_DATE) VALUES(143, 12, "2017-06-25");
INSERT INTO ORDER_DETAIL(C_ID, P_ID, ORDER_DATE) VALUES(143, 2, "2017-06-25");
INSERT INTO ORDER_DETAIL(C_ID, P_ID, ORDER_DATE) VALUES(143, 5, "2017-06-25");
INSERT INTO ORDER_DETAIL(C_ID, P_ID, ORDER_DATE) VALUES(143, 6, "2017-06-25");
INSERT INTO ORDER_DETAIL(C_ID, P_ID, ORDER_DATE) VALUES(143, 20, "2017-06-25");
INSERT INTO ORDER_DETAIL(C_ID, P_ID, ORDER_DATE) VALUES(130, 3, "2018-03-01");
INSERT INTO ORDER_DETAIL(C_ID, P_ID, ORDER_DATE) VALUES(145, 42, "2017-04-05");
INSERT INTO ORDER_DETAIL(C_ID, P_ID, ORDER_DATE) VALUES(69, 22, "2018-05-05");
INSERT INTO ORDER_DETAIL(C_ID, P_ID, ORDER_DATE) VALUES(43, 44, "2017-06-06");
INSERT INTO ORDER_DETAIL(C_ID, P_ID, ORDER_DATE) VALUES(92, 48, "2018-07-17");
INSERT INTO ORDER_DETAIL(C_ID, P_ID, ORDER_DATE) VALUES(120, 41, "2017-08-15");
INSERT INTO ORDER_DETAIL(C_ID, P_ID, ORDER_DATE) VALUES(2, 39, "2018-10-03");
INSERT INTO ORDER_DETAIL(C_ID, P_ID, ORDER_DATE) VALUES(126, 26, "2017-10-09");
INSERT INTO ORDER_DETAIL(C_ID, P_ID, ORDER_DATE) VALUES(63, 43, "2018-11-11");
INSERT INTO ORDER_DETAIL(C_ID, P_ID, ORDER_DATE) VALUES(109, 40, "2017-12-25");
INSERT INTO ORDER_DETAIL(C_ID, P_ID, ORDER_DATE) VALUES(62, 23, "2018-01-01");
INSERT INTO ORDER_DETAIL(C_ID, P_ID, ORDER_DATE) VALUES(86, 20, "2017-02-02");
INSERT INTO ORDER_DETAIL(C_ID, P_ID, ORDER_DATE) VALUES(96, 26, "2018-03-03");
INSERT INTO ORDER_DETAIL(C_ID, P_ID, ORDER_DATE) VALUES(118, 9, "2017-04-04");
INSERT INTO ORDER_DETAIL(C_ID, P_ID, ORDER_DATE) VALUES(125, 1, "2018-05-25");
INSERT INTO ORDER_DETAIL(C_ID, P_ID, ORDER_DATE) VALUES(7, 29, "2017-06-06");
INSERT INTO ORDER_DETAIL(C_ID, P_ID, ORDER_DATE) VALUES(7, 21, "2017-06-06");
INSERT INTO ORDER_DETAIL(C_ID, P_ID, ORDER_DATE) VALUES(7, 9, "2017-06-06");
INSERT INTO ORDER_DETAIL(C_ID, P_ID, ORDER_DATE) VALUES(7, 3, "2017-06-06");
INSERT INTO ORDER_DETAIL(C_ID, P_ID, ORDER_DATE) VALUES(7, 11, "2017-06-06");
INSERT INTO ORDER_DETAIL(C_ID, P_ID, ORDER_DATE) VALUES(7, 5, "2017-06-06");
INSERT INTO ORDER_DETAIL(C_ID, P_ID, ORDER_DATE) VALUES(23, 44, "2018-07-27");
INSERT INTO ORDER_DETAIL(C_ID, P_ID, ORDER_DATE) VALUES(45, 22, "2017-08-28");
INSERT INTO ORDER_DETAIL(C_ID, P_ID, ORDER_DATE) VALUES(6, 35, "2018-09-29");
INSERT INTO ORDER_DETAIL(C_ID, P_ID, ORDER_DATE) VALUES(8, 26, "2017-10-20");
INSERT INTO ORDER_DETAIL(C_ID, P_ID, ORDER_DATE) VALUES(44, 36, "2018-11-11");
INSERT INTO ORDER_DETAIL(C_ID, P_ID, ORDER_DATE) VALUES(81, 5, "2017-12-12");
INSERT INTO ORDER_DETAIL(C_ID, P_ID, ORDER_DATE) VALUES(106, 5, "2018-01-13");
INSERT INTO ORDER_DETAIL(C_ID, P_ID, ORDER_DATE) VALUES(64, 24, "2017-02-14");
INSERT INTO ORDER_DETAIL(C_ID, P_ID, ORDER_DATE) VALUES(27, 9, "2018-03-15");
INSERT INTO ORDER_DETAIL(C_ID, P_ID, ORDER_DATE) VALUES(100, 24, "2017-04-16");
INSERT INTO ORDER_DETAIL(C_ID, P_ID, ORDER_DATE) VALUES(145, 12, "2018-05-17");
INSERT INTO ORDER_DETAIL(C_ID, P_ID, ORDER_DATE) VALUES(109, 24, "2017-06-18");
INSERT INTO ORDER_DETAIL(C_ID, P_ID, ORDER_DATE) VALUES(52, 41, "2018-07-19");
INSERT INTO ORDER_DETAIL(C_ID, P_ID, ORDER_DATE) VALUES(3, 25, "2017-08-20");
INSERT INTO ORDER_DETAIL(C_ID, P_ID, ORDER_DATE) VALUES(82, 17, "2018-09-21");
INSERT INTO ORDER_DETAIL(C_ID, P_ID, ORDER_DATE) VALUES(120, 43, "2017-10-22");
INSERT INTO ORDER_DETAIL(C_ID, P_ID, ORDER_DATE) VALUES(60, 29, "2018-11-23");
INSERT INTO ORDER_DETAIL(C_ID, P_ID, ORDER_DATE) VALUES(80, 13, "2017-12-24");
INSERT INTO ORDER_DETAIL(C_ID, P_ID, ORDER_DATE) VALUES(5, 5, "2018-01-25");
INSERT INTO ORDER_DETAIL(C_ID, P_ID, ORDER_DATE) VALUES(88, 39, "2017-02-26");
INSERT INTO ORDER_DETAIL(C_ID, P_ID, ORDER_DATE) VALUES(118, 22, "2018-03-27");
INSERT INTO ORDER_DETAIL(C_ID, P_ID, ORDER_DATE) VALUES(51, 15, "2017-04-28");
INSERT INTO ORDER_DETAIL(C_ID, P_ID, ORDER_DATE) VALUES(15, 23, "2018-05-29");
INSERT INTO ORDER_DETAIL(C_ID, P_ID, ORDER_DATE) VALUES(49, 35, "2017-06-30");
INSERT INTO ORDER_DETAIL(C_ID, P_ID, ORDER_DATE) VALUES(51, 20, "2018-07-01");
INSERT INTO ORDER_DETAIL(C_ID, P_ID, ORDER_DATE) VALUES(77, 10, "2017-08-02");
INSERT INTO ORDER_DETAIL(C_ID, P_ID, ORDER_DATE) VALUES(5, 33, "2018-09-03");
INSERT INTO ORDER_DETAIL(C_ID, P_ID, ORDER_DATE) VALUES(105, 9, "2017-10-04");
INSERT INTO ORDER_DETAIL(C_ID, P_ID, ORDER_DATE) VALUES(149, 39, "2018-11-05");
INSERT INTO ORDER_DETAIL(C_ID, P_ID, ORDER_DATE) VALUES(129, 43, "2017-12-06");
INSERT INTO ORDER_DETAIL(C_ID, P_ID, ORDER_DATE) VALUES(10, 37, "2018-01-07");
INSERT INTO ORDER_DETAIL(C_ID, P_ID, ORDER_DATE) VALUES(9, 8, "2017-02-08");
INSERT INTO ORDER_DETAIL(C_ID, P_ID, ORDER_DATE) VALUES(48, 37, "2018-03-09");
INSERT INTO ORDER_DETAIL(C_ID, P_ID, ORDER_DATE) VALUES(24, 24, "2017-04-10");
INSERT INTO ORDER_DETAIL(C_ID, P_ID, ORDER_DATE) VALUES(106, 15, "2018-05-11");
INSERT INTO ORDER_DETAIL VALUES(75, 46, "2018-10-10");
INSERT INTO ORDER_DETAIL VALUES(8, 35, "2017-10-11");
INSERT INTO ORDER_DETAIL VALUES(46, 40, "2016-10-12");
INSERT INTO ORDER_DETAIL VALUES(32, 11, "2018-10-10");
INSERT INTO ORDER_DETAIL VALUES(40, 48, "2017-10-11");
INSERT INTO ORDER_DETAIL VALUES(82, 25, "2016-10-12");
INSERT INTO ORDER_DETAIL VALUES(148, 20, "2018-10-10");
INSERT INTO ORDER_DETAIL VALUES(77, 35, "2017-10-11");
INSERT INTO ORDER_DETAIL VALUES(7, 2, "2016-10-12");
INSERT INTO ORDER_DETAIL VALUES(102, 23, "2018-10-10");
INSERT INTO ORDER_DETAIL VALUES(117, 29, "2017-10-11");
INSERT INTO ORDER_DETAIL VALUES(92, 33, "2016-10-12");
INSERT INTO ORDER_DETAIL VALUES(68, 49, "2018-10-10");
INSERT INTO ORDER_DETAIL VALUES(133, 46, "2017-10-11");
INSERT INTO ORDER_DETAIL VALUES(40, 14, "2016-10-12");
INSERT INTO ORDER_DETAIL VALUES(122, 29, "2018-10-10");
INSERT INTO ORDER_DETAIL VALUES(48, 22, "2017-10-11");
INSERT INTO ORDER_DETAIL VALUES(34, 47, "2016-10-12");
INSERT INTO ORDER_DETAIL VALUES(7, 12, "2018-10-10");
INSERT INTO ORDER_DETAIL VALUES(71, 15, "2017-10-11");
INSERT INTO ORDER_DETAIL VALUES(125, 47, "2016-10-12");
INSERT INTO ORDER_DETAIL VALUES(77, 9, "2018-10-10");
INSERT INTO ORDER_DETAIL VALUES(96, 34, "2017-10-11");
INSERT INTO ORDER_DETAIL VALUES(60, 14, "2016-10-12");
INSERT INTO ORDER_DETAIL VALUES(101, 34, "2018-10-10");
INSERT INTO ORDER_DETAIL VALUES(92, 37, "2017-10-11");
INSERT INTO ORDER_DETAIL VALUES(7, 17, "2016-10-12");
INSERT INTO ORDER_DETAIL VALUES(45, 25, "2018-10-10");
INSERT INTO ORDER_DETAIL VALUES(27, 28, "2017-10-11");
INSERT INTO ORDER_DETAIL VALUES(119, 40, "2016-10-12");
INSERT INTO ORDER_DETAIL VALUES(17, 36, "2018-10-10");
INSERT INTO ORDER_DETAIL VALUES(55, 15, "2017-10-11");
INSERT INTO ORDER_DETAIL VALUES(143, 32, "2016-10-12");
INSERT INTO ORDER_DETAIL VALUES(138, 37, "2018-10-10");
INSERT INTO ORDER_DETAIL VALUES(1, 13, "2017-10-11");
INSERT INTO ORDER_DETAIL VALUES(150, 26, "2016-10-12");
INSERT INTO ORDER_DETAIL VALUES(84, 40, "2018-10-10");
INSERT INTO ORDER_DETAIL VALUES(115, 42, "2017-10-11");
INSERT INTO ORDER_DETAIL VALUES(93, 2, "2016-10-12");
INSERT INTO ORDER_DETAIL VALUES(135, 44, "2018-10-10");
INSERT INTO ORDER_DETAIL VALUES(148, 20, "2017-10-11");
INSERT INTO ORDER_DETAIL VALUES(48, 5, "2016-10-12");
INSERT INTO ORDER_DETAIL VALUES(131, 5, "2018-10-10");
INSERT INTO ORDER_DETAIL VALUES(140, 16, "2017-10-11");
INSERT INTO ORDER_DETAIL VALUES(140, 17, "2017-10-11");
INSERT INTO ORDER_DETAIL VALUES(140, 18, "2017-10-11");
INSERT INTO ORDER_DETAIL VALUES(140, 19, "2017-10-11");
INSERT INTO ORDER_DETAIL VALUES(140, 20, "2017-10-11");
INSERT INTO ORDER_DETAIL VALUES(33, 14, "2016-10-12");
INSERT INTO ORDER_DETAIL VALUES(1, 29, "2018-10-10");
INSERT INTO ORDER_DETAIL VALUES(21, 20, "2017-10-11");
INSERT INTO ORDER_DETAIL VALUES(105, 5, "2016-10-12");
INSERT INTO ORDER_DETAIL VALUES(35, 13, "2018-10-10");
INSERT INTO ORDER_DETAIL VALUES(146, 39, "2017-10-11");
INSERT INTO ORDER_DETAIL VALUES(98, 46, "2016-10-12");
INSERT INTO ORDER_DETAIL VALUES(90, 47, "2018-10-10");
INSERT INTO ORDER_DETAIL VALUES(90, 20, "2018-10-10");
INSERT INTO ORDER_DETAIL VALUES(90, 21, "2018-10-10");
INSERT INTO ORDER_DETAIL VALUES(90, 10, "2018-10-10");
INSERT INTO ORDER_DETAIL VALUES(90, 7, "2018-10-10");
INSERT INTO ORDER_DETAIL VALUES(90, 5, "2018-10-10");
INSERT INTO ORDER_DETAIL VALUES(90, 3, "2018-10-10");
INSERT INTO ORDER_DETAIL VALUES(13, 47, "2017-10-11");
INSERT INTO ORDER_DETAIL VALUES(9, 38, "2016-10-12");
INSERT INTO ORDER_DETAIL VALUES(150, 11, "2018-10-10");
INSERT INTO ORDER_DETAIL VALUES(135, 12, "2017-10-11");
INSERT INTO ORDER_DETAIL VALUES(119, 7, "2016-10-12");
INSERT INTO ORDER_DETAIL VALUES(76, 24, "2018-10-10");
INSERT INTO ORDER_DETAIL VALUES(146, 3, "2017-10-11");
INSERT INTO ORDER_DETAIL VALUES(108, 44, "2016-10-12");
INSERT INTO ORDER_DETAIL VALUES(44, 15, "2018-10-10");
INSERT INTO ORDER_DETAIL VALUES(65, 39, "2017-10-11");
INSERT INTO ORDER_DETAIL VALUES(138, 44, "2016-10-12");
INSERT INTO ORDER_DETAIL VALUES(90, 6, "2018-10-10");
INSERT INTO ORDER_DETAIL VALUES(139, 35, "2017-10-11");
INSERT INTO ORDER_DETAIL VALUES(54, 41, "2016-10-12");
INSERT INTO ORDER_DETAIL VALUES(57, 6, "2018-10-10");
INSERT INTO ORDER_DETAIL VALUES(144, 27, "2017-10-11");
INSERT INTO ORDER_DETAIL VALUES(63, 20, "2016-10-12");
INSERT INTO ORDER_DETAIL VALUES(151, 25, "2018-10-10");
INSERT INTO ORDER_DETAIL VALUES(152, 35, "2018-10-10");
INSERT INTO ORDER_DETAIL VALUES(153, 2, "2018-10-10");
INSERT INTO ORDER_DETAIL VALUES(154, 19, "2018-10-10");
INSERT INTO ORDER_DETAIL VALUES(155, 22, "2018-10-10");
INSERT INTO ORDER_DETAIL VALUES(156, 46, "2018-10-10");
INSERT INTO ORDER_DETAIL VALUES(157, 19, "2018-10-10");
INSERT INTO ORDER_DETAIL VALUES(158, 37, "2018-10-10");
INSERT INTO ORDER_DETAIL VALUES(159, 3, "2018-10-10");
INSERT INTO ORDER_DETAIL VALUES(160, 26, "2018-10-10");
INSERT INTO ORDER_DETAIL VALUES(161, 41, "2018-10-10");
INSERT INTO ORDER_DETAIL VALUES(162, 20, "2018-10-10");
INSERT INTO ORDER_DETAIL VALUES(47, 22, "2018-10-10");
INSERT INTO ORDER_DETAIL VALUES(118, 19, "2017-10-11");
INSERT INTO ORDER_DETAIL VALUES(66, 42, "2016-10-12");
INSERT INTO ORDER_DETAIL VALUES(46, 10, "2018-10-10");
INSERT INTO ORDER_DETAIL VALUES(89, 11, "2017-10-11");
INSERT INTO ORDER_DETAIL VALUES(127, 7, "2016-10-12");
INSERT INTO ORDER_DETAIL VALUES(136, 6, "2018-10-10");
INSERT INTO ORDER_DETAIL VALUES(119, 37, "2017-10-11");
INSERT INTO ORDER_DETAIL VALUES(16, 22, "2016-10-12");
INSERT INTO ORDER_DETAIL VALUES(35, 20, "2018-10-10");
INSERT INTO ORDER_DETAIL VALUES(125, 36, "2017-10-11");
INSERT INTO ORDER_DETAIL VALUES(25, 6, "2016-10-12");
INSERT INTO ORDER_DETAIL VALUES(114, 3, "2018-10-10");
INSERT INTO ORDER_DETAIL VALUES(92, 2, "2017-10-11");
INSERT INTO ORDER_DETAIL VALUES(16, 48, "2016-10-12");
INSERT INTO ORDER_DETAIL VALUES(142, 39, "2018-10-10");
INSERT INTO ORDER_DETAIL VALUES(16, 4, "2017-10-11");
INSERT INTO ORDER_DETAIL VALUES(107, 19, "2016-10-12");
INSERT INTO ORDER_DETAIL VALUES(98, 32, "2018-10-10");
INSERT INTO ORDER_DETAIL VALUES(103, 16, "2017-10-11");
INSERT INTO ORDER_DETAIL VALUES(82, 10, "2016-10-12");
INSERT INTO ORDER_DETAIL VALUES(14, 35, "2018-10-10");
INSERT INTO ORDER_DETAIL VALUES(23, 47, "2017-10-11");
INSERT INTO ORDER_DETAIL VALUES(29, 22, "2016-10-12");
INSERT INTO ORDER_DETAIL VALUES(22, 39, "2018-10-10");
INSERT INTO ORDER_DETAIL VALUES(116, 19, "2017-10-11");
INSERT INTO ORDER_DETAIL VALUES(75, 21, "2016-10-12");
INSERT INTO ORDER_DETAIL VALUES(58, 30, "2018-10-10");
INSERT INTO ORDER_DETAIL VALUES(103, 46, "2017-10-11");
INSERT INTO ORDER_DETAIL VALUES(46, 4, "2016-10-12");
INSERT INTO ORDER_DETAIL VALUES(83, 49, "2018-10-10");
INSERT INTO ORDER_DETAIL VALUES(119, 16, "2017-10-11");
INSERT INTO ORDER_DETAIL VALUES(77, 22, "2016-10-12");
INSERT INTO ORDER_DETAIL VALUES(77, 21, "2016-10-12");
INSERT INTO ORDER_DETAIL VALUES(77, 24, "2016-10-12");
INSERT INTO ORDER_DETAIL VALUES(77, 25, "2016-10-12");
INSERT INTO ORDER_DETAIL VALUES(77, 32, "2016-10-12");
INSERT INTO ORDER_DETAIL VALUES(77, 45, "2016-10-12");
INSERT INTO ORDER_DETAIL VALUES(41, 15, "2018-10-10");
INSERT INTO ORDER_DETAIL VALUES(16, 37, "2017-10-11");
INSERT INTO ORDER_DETAIL VALUES(33, 18, "2016-10-12");
INSERT INTO ORDER_DETAIL VALUES(127, 7, "2018-10-10");
INSERT INTO ORDER_DETAIL VALUES(36, 4, "2017-10-11");
INSERT INTO ORDER_DETAIL VALUES(140, 4, "2016-10-12");
INSERT INTO ORDER_DETAIL VALUES(31, 36, "2018-10-10");
INSERT INTO ORDER_DETAIL VALUES(109, 45, "2017-10-11");
INSERT INTO ORDER_DETAIL VALUES(109, 4, "2017-10-11");
INSERT INTO ORDER_DETAIL VALUES(109, 3, "2017-10-11");
INSERT INTO ORDER_DETAIL VALUES(109, 15, "2017-10-11");
INSERT INTO ORDER_DETAIL VALUES(109, 24, "2017-10-11");
INSERT INTO ORDER_DETAIL VALUES(109, 33, "2017-10-11");
INSERT INTO ORDER_DETAIL VALUES(90, 46, "2016-10-12");
INSERT INTO ORDER_DETAIL VALUES(100, 3, "2018-10-10");
INSERT INTO ORDER_DETAIL VALUES(55, 17, "2017-10-11");
INSERT INTO ORDER_DETAIL VALUES(111, 39, "2016-10-12");
INSERT INTO ORDER_DETAIL VALUES(1, 49, "2018-10-10");
INSERT INTO ORDER_DETAIL VALUES(21, 31, "2017-10-11");
INSERT INTO ORDER_DETAIL VALUES(115, 35, "2016-10-12");
INSERT INTO ORDER_DETAIL VALUES(134, 31, "2018-10-10");
INSERT INTO ORDER_DETAIL VALUES(84, 30, "2017-10-11");
INSERT INTO ORDER_DETAIL VALUES(145, 41, "2016-10-12");
INSERT INTO ORDER_DETAIL VALUES(109, 15, "2018-10-10");
INSERT INTO ORDER_DETAIL VALUES(12, 19, "2017-10-11");
INSERT INTO ORDER_DETAIL VALUES(120, 25, "2016-10-12");
INSERT INTO ORDER_DETAIL VALUES(140, 11, "2018-10-10");
INSERT INTO ORDER_DETAIL VALUES(98, 36, "2017-10-11");
INSERT INTO ORDER_DETAIL VALUES(98, 6, "2017-10-11");
INSERT INTO ORDER_DETAIL VALUES(98, 20, "2017-10-11");
INSERT INTO ORDER_DETAIL VALUES(98, 21, "2017-10-11");
INSERT INTO ORDER_DETAIL VALUES(98, 40, "2017-10-11");
INSERT INTO ORDER_DETAIL VALUES(98, 39, "2017-10-11");
INSERT INTO ORDER_DETAIL VALUES(98, 36, "2017-10-11");
INSERT INTO ORDER_DETAIL VALUES(27, 46, "2016-10-12");
INSERT INTO ORDER_DETAIL VALUES(99, 36, "2018-10-10");
INSERT INTO ORDER_DETAIL VALUES(74, 24, "2017-10-11");
INSERT INTO ORDER_DETAIL VALUES(87, 25, "2016-10-12");
INSERT INTO ORDER_DETAIL VALUES(147, 17, "2018-10-10");
INSERT INTO ORDER_DETAIL VALUES(63, 40, "2017-10-11");
INSERT INTO ORDER_DETAIL VALUES(23, 24, "2016-10-12");
INSERT INTO ORDER_DETAIL VALUES(29, 45, "2018-10-10");
INSERT INTO ORDER_DETAIL VALUES(119, 7, "2017-10-11");
INSERT INTO ORDER_DETAIL VALUES(90, 3, "2016-10-12");
INSERT INTO ORDER_DETAIL VALUES(48, 46, "2018-10-10");
INSERT INTO ORDER_DETAIL VALUES(75, 27, "2017-10-11");
INSERT INTO ORDER_DETAIL VALUES(102, 29, "2016-10-12");
INSERT INTO ORDER_DETAIL VALUES(98, 42, "2018-10-10");
INSERT INTO ORDER_DETAIL VALUES(131, 46, "2017-10-11");
INSERT INTO ORDER_DETAIL VALUES(15, 18, "2016-10-12");
INSERT INTO ORDER_DETAIL VALUES(101, 23, "2018-10-10");
INSERT INTO ORDER_DETAIL VALUES(67, 31, "2017-10-11");
INSERT INTO ORDER_DETAIL VALUES(4, 21, "2016-10-12");
INSERT INTO ORDER_DETAIL VALUES(111, 30, "2018-10-10");
INSERT INTO ORDER_DETAIL VALUES(122, 9, "2017-10-11");
INSERT INTO ORDER_DETAIL VALUES(67, 8, "2016-10-12");
INSERT INTO ORDER_DETAIL VALUES(53, 26, "2018-10-10");
INSERT INTO ORDER_DETAIL VALUES(9, 24, "2017-10-11");
INSERT INTO ORDER_DETAIL VALUES(130, 3, "2016-04-12");
INSERT INTO ORDER_DETAIL VALUES(1I, 49, "2018-03-10");
INSERT INTO ORDER_DETAIL VALUES(20, 15, "2018-12-10");
INSERT INTO ORDER_DETAIL VALUES(26, 15, "2018-11-10");
INSERT INTO ORDER_DETAIL VALUES(30, 15, "2018-10-10");
INSERT INTO ORDER_DETAIL VALUES(37, 13, "2018-09-10");
INSERT INTO ORDER_DETAIL VALUES(38, 2, "2018-10-10");
INSERT INTO ORDER_DETAIL VALUES(42, 20, "2018-10-10");
INSERT INTO ORDER_DETAIL VALUES(50, 30, "2018-10-10");
INSERT INTO ORDER_DETAIL VALUES(70, 11, "2018-10-10");
INSERT INTO ORDER_DETAIL VALUES(73, 3, "2018-10-10");
INSERT INTO ORDER_DETAIL VALUES(78, 16, "2018-10-10");
INSERT INTO ORDER_DETAIL VALUES(85, 5, "2018-10-10");
INSERT INTO ORDER_DETAIL VALUES(104, 25, "2018-10-10");
INSERT INTO ORDER_DETAIL VALUES(110, 1, "2018-10-10");
INSERT INTO ORDER_DETAIL VALUES(112, 13, "2018-10-10");
INSERT INTO ORDER_DETAIL VALUES(113, 34, "2018-10-10");

ALTER TABLE ORDER_DETAIL ADD R_NUM INT;

UPDATE SHOPPING S
SET RETAILER_NUM =
(
 SELECT C.RETAILER_NUM
 FROM CUSTOMER C
 WHERE C.ID = S.C_ID
 );

UPDATE ORDER_DETAIL
SET R_NUM = (
             SELECT C.RETAILER_NUM
             FROM CUSTOMER C
             WHERE C.ID = C_ID);

INSERT INTO ORDER_DETAIL VALUES(70, 6, "2018-10-10", 17);
INSERT INTO ORDER_DETAIL VALUES(97, 15, "2018-09-10", 8);
INSERT INTO ORDER_DETAIL VALUES(97, 25, "2017-11-10", 8);
INSERT INTO ORDER_DETAIL VALUES(97, 11, "2016-10-10", 8);
INSERT INTO ORDER_DETAIL VALUES(87, 11, "2016-10-10", 7);

UPDATE CUSTOMER
SET ORDER_COUNT = (
                   SELECT COUNT(*)
                   FROM ORDER_DETAIL O
                   WHERE O.C_ID = ID
                   GROUP BY O.C_ID);

UPDATE RETAILER R
SET R.ORDER_COUNT = (SELECT COUNT(*)
                     FROM ORDER_DETAIL O
                     WHERE O.R_NUM = R.R_NUM
                     GROUP BY O.R_NUM);


ALTER TABLE ITEMS ADD FOREIGN KEY(R_NUM) REFERENCES RETAILER(R_NUM);
ALTER TABLE ORDER_INFO ADD FOREIGN KEY(C_NUM) REFERENCES CUSTOMER(ID);
ALTER TABLE HANDLE_ITEMS ADD FOREIGN KEY(ITEM_NUM) REFERENCES ITEMS(PID);
ALTER TABLE HANDLE_ITEMS ADD FOREIGN KEY(C_NUM) REFERENCES ORDER_INFO(C_NUM);
ALTER TABLE SEARCH_ITEMS ADD FOREIGN KEY(ITEM_NUM) REFERENCES ITEMS(PID);
ALTER TABLE SEARCH_ITEMS ADD FOREIGN KEY(C_ID) REFERENCES CUSTOMER(ID);
ALTER TABLE EXIST_ITEMS ADD FOREIGN KEY(ITEM_NUM) REFERENCES ITEMS(PID);
ALTER TABLE EXIST_ITEMS ADD FOREIGN KEY(RETAILER_NUM) REFERENCES RETAILER(R_NUM);
ALTER TABLE MADE_BY ADD FOREIGN KEY(ITEM_NUM) REFERENCES ITEMS(PID);
ALTER TABLE MADE_BY ADD FOREIGN KEY(ORIGIN_NAME) REFERENCES ORIGIN(M_NAME);
ALTER TABLE CUSTOMER ADD FOREIGN KEY(RETAILER_NUM) REFERENCES RETAILER(R_NUM);
ALTER TABLE RETAILER ADD FOREIGN KEY(R_OTHER) REFERENCES RETAILER(R_NUM);
ALTER TABLE ITEMS ADD FOREIGN KEY(CATEGORY_BIG, CATEGORY_SMALL) REFERENCES CATEGORY(BIGTYPE, SMALLTYPE);
ALTER TABLE SHOPPING ADD CONSTRAINT FOREIGN KEY(C_ID) REFERENCES CUSTOMER(ID);
ALTER TABLE ORDER_DETAIL ADD FOREIGN KEY(C_ID) REFERENCES ORDER_INFO(C_NUM);

#
DROP VIEW TEMP;
DROP VIEW TEMP1;
DROP VIEW TEMP2;
DROP VIEW TEMP3;
DROP VIEW TEMP4;
DROP VIEW TEMP5;
DROP VIEW TEMP51;
DROP VIEW TEMP6;
DROP VIEW TEMP7;
DROP VIEW TEMP8;
DROP VIEW TEMP9;
DROP VIEW TEMP10;
DROP VIEW TEMP11;
DROP VIEW TEMP12;
DROP VIEW TEMP13;
DROP VIEW TEMP14;
DROP VIEW TEMP15;
DROP VIEW TEMP16;
DROP VIEW EMPTYBAG;
DROP VIEW PAST_ORDER;
DROP VIEW QUANT_CHECK;
DROP VIEW CURRENT_ORDER;
DROP VIEW CURRENT_QUANT_CHECK;
DROP TABLE CUR_PROFITS;

#1
CREATE VIEW TEMP4 AS
SELECT * FROM ITEMS
GROUP BY PID;

SELECT COUNT(*)
FROM TEMP4
WHERE QUANT <= 20;

#2
SELECT COUNT(*)
FROM CUSTOMER;

#3
SELECT ID
FROM CUSTOMER
WHERE ORDER_COUNT > 7;

#4
CREATE VIEW TEMP AS
SELECT R_NUM
FROM ORDER_DETAIL
WHERE ORDER_DATE > '2018-04-28';

CREATE VIEW TEMP2 AS
SELECT R_NUM, COUNT(*) RESULT
FROM TEMP
GROUP BY R_NUM;

SELECT *
FROM TEMP2
ORDER BY RESULT DESC
LIMIT 3;

#5
CREATE VIEW TEMP3 AS
(
 SELECT *
 FROM ORDER_DETAIL O
 WHERE O.C_ID IN (
                  SELECT ID
                  FROM CUSTOMER
                  WHERE ORDER_COUNT > 7
                  ));

SELECT P_ID, MAX(QUANT)
FROM (
      SELECT  P_ID, COUNT(*) QUANT
      FROM TEMP3
      GROUP BY P_ID
      ORDER BY COUNT(*) DESC
      )FREQUANT;

#6

CREATE VIEW EMPTYBAG AS
SELECT ID
FROM CUSTOMER
WHERE ID NOT IN (SELECT C_ID FROM SHOPPING)
ORDER BY ID;

CREATE VIEW PAST_ORDER AS
SELECT * FROM ORDER_DETAIL
WHERE C_ID IN (SELECT ID FROM EMPTYBAG)
ORDER BY P_ID;

CREATE VIEW QUANT_CHECK AS
SELECT P_ID, COUNT(P_ID)
FROM PAST_ORDER
GROUP BY P_ID;

DROP TABLE PROFITS;

CREATE TABLE PROFITS(
                     P_ID INT NOT NULL,
                     P_PRICE INT NOT NULL,
                     P_QUANT INT DEFAULT 0,
                     P_PROFITS INT DEFAULT 0
                     );

INSERT INTO PROFITS(P_ID, P_PRICE, P_QUANT, P_PROFITS)
SELECT P_ID, PRICE, COUNT(P_ID), PRICE * COUNT(P_ID)
FROM PAST_ORDER, ITEMS
WHERE P_ID = PID
GROUP BY P_ID;

SELECT P_ID, P_PROFITS
FROM PROFITS
ORDER BY P_PROFITS DESC
LIMIT 5;



#7
CREATE VIEW TEMP51 AS
SELECT ID
FROM CUSTOMER
WHERE SEX = "M";

CREATE VIEW TEMP5 AS
 SELECT *
 FROM ORDER_DETAIL, TEMP51 T
WHERE C_ID = T.ID;

CREATE VIEW TEMP6 AS
SELECT P_ID, COUNT(*) AS QUANT
FROM TEMP5
GROUP BY P_ID
ORDER BY(QUANT) DESC
LIMIT 1;

SELECT DISTINCT PID, CATEGORY_BIG, CATEGORY_SMALL
FROM ITEMS, TEMP6
WHERE PID = P_ID;

#8
CREATE VIEW TEMP7 AS
SELECT ID
FROM CUSTOMER
WHERE AGE BETWEEN 20 AND 29;

CREATE VIEW TEMP9 AS
SELECT P_ID, COUNT(*) QUANT
FROM ORDER_DETAIL, TEMP7
WHERE C_ID = ID
GROUP BY P_ID
ORDER BY QUANT  DESC
LIMIT 1;

SELECT * FROM TEMP9;

CREATE VIEW TEMP10 AS
SELECT O.C_ID
FROM ORDER_DETAIL O
WHERE O.P_ID =
(SELECT P_ID
 FROM TEMP9);

CREATE VIEW TEMP11 AS
SELECT O.P_ID
FROM ORDER_DETAIL O, TEMP10 T
WHERE T.C_ID = O.C_ID;

SELECT P_ID, COUNT(*) QUANT
FROM TEMP11
GROUP BY P_ID
ORDER BY QUANT DESC
LIMIT 5;

#9
CREATE VIEW TEMP8 AS
SELECT I_NUM, COUNT(*) AS QUANT
FROM SHOPPING
GROUP BY I_NUM;

SELECT DISTINCT I.PID
FROM ITEMS I, TEMP8 T
WHERE (I.PID = T.I_NUM
       AND T.QUANT > I.QUANT);

#10

CREATE VIEW CURRENT_ORDER AS
SELECT * FROM ORDER_DETAIL
ORDER BY P_ID;

CREATE VIEW CURRENT_QUANT_CHECK AS
SELECT P_ID, COUNT(P_ID)
FROM CURRENT_ORDER
GROUP BY P_ID;

SELECT P_ID, PRICE, COUNT(P_ID), PRICE * COUNT(P_ID)
FROM CURRENT_ORDER, ITEMS
WHERE P_ID = PID
GROUP BY P_ID;

CREATE VIEW TEMP12 AS
SELECT P_ID
FROM CUR_PROFITS
ORDER BY P_PROFITS DESC
LIMIT 1;

CREATE VIEW TEMP13 AS
SELECT O.C_ID
FROM ORDER_DETAIL O, TEMP12 T
WHERE O.P_ID = T.P_ID;

SELECT *
FROM CUSTOMER, TEMP13
WHERE ID= C_ID;

CREATE VIEW TEMP14 AS
SELECT DISTINCT I.CATEGORY_BIG, I.CATEGORY_SMALL
FROM ITEMS I, TEMP12 T
WHERE T.P_ID = I.PID;

CREATE VIEW TEMP15 AS
SELECT DISTINCT I.PID
FROM ITEMS I, TEMP14 T
WHERE T.CATEGORY_BIG = I.CATEGORY_BIG
AND T.CATEGORY_SMALL = I.CATEGORY_SMALL;

CREATE VIEW TEMP16 AS
SELECT DISTINCT I.C_ID
FROM TEMP15 T, ORDER_DETAIL I
WHERE T.PID = I.P_ID;

SELECT *
FROM TEMP16 T, CUSTOMER C
WHERE T.C_ID = C.ID;

#---------------------------Phase3
SET foreign_key_checks = 0;
delete from customer where id>0;

#-
create table shoppingBag(
c_ID INT NOT NULL,
P_ID INT NOT NULL,
P_quant INT NOT NULL DEFAULT 0
);

#-
create table order_detail2(
c_ID INT NOT NULL,
P_ID INT NOT NULL,
P_quant int not null default 0,
p_price int not null,
order_date date not null
);

#-
create table TOTAL(
PID INT NOT NULL,
AQ INT NOT NULL DEFAULT 0
);

insert into total values (1,495);
insert into total values (2,0);
insert into total values (3,620);
insert into total values (4,380);
insert into total values (5,1605);
insert into total values (6,23045);
insert into total values (7,368);
insert into total values (8,149);
insert into total values (9,1683);
insert into total values (10,2188);
insert into total values (11,689);
insert into total values (12,590);
insert into total values (13,4551);
insert into total values (14,1155);
insert into total values (15,2080);
insert into total values (16,600);
insert into total values (17,0);
insert into total values (18,1015);
insert into total values (19,1449);
insert into total values (20,1202);
insert into total values (21,1331);
insert into total values (22,846);
insert into total values (23,563);
insert into total values (24,873);
insert into total values (25,1150);
insert into total values (26,990);
insert into total values (27,20820);
insert into total values (28,695);
insert into total values (29,1244);
insert into total values (30,990);
insert into total values (31,26718);
insert into total values (32,905);
insert into total values (33,670);
insert into total values (34,735);
insert into total values (35,25347);
insert into total values (36,6670);
insert into total values (37,1113);
insert into total values (38,26910);
insert into total values (40,591);
insert into total values (41,1030);
insert into total values (42,31800);
insert into total values (44,775);
insert into total values (45,715);
insert into total values (46,27605);
insert into total values (47,1137);
insert into total values (48,1059);
insert into total values (49,33480);

CREATE VIEW TEMP7 AS SELECT ID FROM CUSTOMER WHERE AGE BETWEEN 0 AND 9;
CREATE VIEW TEMP9 AS SELECT P_ID, COUNT(*) QUANT FROM ORDER_DETAIL, TEMP7 WHERE C_ID = ID GROUP BY P_ID ORDER BY QUANT  DESC LIMIT 1;
CREATE VIEW TEMP10 AS SELECT O.C_ID FROM ORDER_DETAIL O WHERE O.P_ID = (SELECT P_ID FROM TEMP9);
CREATE VIEW TEMP11 AS SELECT O.P_ID FROM ORDER_DETAIL O, TEMP10 T WHERE T.C_ID = O.C_ID;
CREATE VIEW TEMP12 AS SELECT P_ID, COUNT(*) QUANT FROM TEMP11 GROUP BY P_ID ORDER BY QUANT DESC LIMIT 5;
create view temp13 as select DISTINCT i.P_ID, t.AQ FROM temp12 i, TOTAL t where i.P_ID = t.PID;
create view temp14 as select PID, SUM(QUANT) as AQ FROM ITEMS, shoppingBag where PID = P_ID GROUP BY PID ORDER BY PID ASC;
